Biology Open-Ended Questions||
Question|Focus|Mod
A kan grubundan bir anne ile B kan grubundan bir babanın 0 kan grubundan bir çocukları doğmuşsa anne babanın genotipleri nedir?|genotipleri|
A ve D vitaminin ortak özellikleri nelerdir?|özellikleri|ortak
A vitamini eksikliğinde ortaya çıkabilecek hastalıklar nelerdir?|hastalıklar|
A vitaminin görevi nedir?|görevi|
Abiyotik faktörlerin hangilerinin azalması üretici canlıları olumsuz etkiler?|abiyotik faktörlerin|
Abiyotik fatörler nelerdir?|faktörler|
Açık tohumlu bitkilerde üreme nasıl gerçekleşir?|gerçekleşir|
Açık tohumlu bitkilere örnekler nelerdir?|örnekler|
Açık tohumlu bitkilerin özellikleri nelerdir?|özellikleri|
Afrika uyku hastalığı hangi yollarla bulaşır?|yollarla|
Ağsı damarlanma gösteren bitkiler nelerdir?|bitkiler|
AIDS hastalığının bulaşma yöntemleri nelerdir?|bulaşma yöntemleri|
Akraba evliliklerinin olsaı riskleri nelerdir?|riskleri|olası
Akşamsafası bitkisinin yapraklarının gece  açıkken gündüz kapalı olmasının sebebi nedir?|sebebi|
Aktif bağışıklığa örnekler nelerdir?|örnekler|
Aktif bağışıklık nedir?|aktif bağışıklık|
Aldosteron hormonunun vücuttaki sıvı kaybına etkisi nedir?|etkisi|
Aleller arasındaki dominantlığın derecesi nasıl ölçülür?|ölçülür|
Alışma yoluyla edinilmiş davranışlar nelerdir?|davranışlar|
Aminoasitlerin özellikleri nelerdir?|özellikleri|
Antagonist kaslar nasıl çalışır?|çalışır|
Antibiyotiklerin etki mekanizması nasıldır?|etki mekanizması|
Antikorların özellikleri nelerdir?|özellikleri|
Arkebakteriler nasıl ortamlarda yaşarlar?|ortamlarda|
Arkebakterilerin özellikleri nelerdir?|özellikleri|
Arkebakterilerin, bakterilerden ayrılmasını sağlayan özellikler nelerdir?|özellikler|
Aşı ile serum arasındaki farklar nelerdir?|farklar|
Asitlerin hücredeki görevleri nelerdir?|görevleri|
Atardamarlar ile toplardamar arasındaki yapısal farklılıklar nelerdir?|farklılıklar|yapısal
Atmosferdeki gazların bitkilerin büyümesine etkisi nedir?|etkisi|
Atmosferdeki oksijenin azalması insan yaşamını nasıl etkiler?|etkiler|
Ayçiçeğinin Güneş'e yönelmesiyle akşamsefası çiçeklerinin gündüz kapanıp gece açılması hareketlerinin arasındaki fark nedir?|fark|
Aynı popülasyonda yer alan iki canlı türünün benzer özellikleri nedir?|özellikleri|benzer
Ayrılamama olayına bağlı olarak oluşan kalıtsal hastalıklar nelerdir?|hastalıklar|
Ayrıştırıcı olan bakterilerin görevi nedir?|görevi|
Ayrıştırıcıların ekosistemdeki görevi nedir?|görevi|
Ayrıştırıcların madde döngülerindeki önemi nedir?|önemi|
Azot döngüsünde görev alan bakteriler hangileridir?|bakteriler|
B vitamini eksikliğinde görülen hastalık nedir?|hastalık|
B vitaminin görevi nedir?|görevi|
Bakteriler olmasaydı ne olurdu?|olurdu|
Bakteriler vücut içerisinde nasıl çoğalır?|çoğalır|
Bakterilerde üreme nasıl gerçekleşir?|gerçekleşir|
Bakterilerdeki hangi molekül genetik bilgiyi taşır?|molekül|
Bakterilerin yapısında neler bulunur?|bulunur|
Bakteriyofaj nedir?|bakteriyofaj|
Balık ve kurbağaların soğuk kanlı olmasının nedeni nedir?|nedeni|
Balıklar kaç gruba ayrılır?|gruba|
Basınç- akış teorisi nedir?|basınç-akış teorisi|
Baskın ve çekinik genler genotipe nasıl etki eder?|etki eder|
Bazı hayvanların sosyal gruplar halinde yaşamalarının sağladığı yararlar neler olabilir?|olabilir|
Bazların hücredeki görevleri nelerdir?|görevleri|
Belirli bir bitkiden aynı kalıtsal yapıda ikinci bir bitki elde etmek için nasıl bir yol izlenebilir?|yol|
Bentik zon nedir?|bentik zon|
Bentik zonda yaşayan canlılar hangileridir?|canlılar|
Besin ağı ile besin zinciri arasındaki farklılık nedir?|farklılık|
Besin kirliliğine sebep olan faktörler nelerdir?|faktörler|
Besin piramidinde tepeden tabana aktarılan enerji nasıl değişir?|değişir|
Besin piramidinde tepeden tabana birey sayısı nasıl değişir?|değişir|
Besin piramidinde tepeden tabana biyokütle nasıl değişir?|değişir|
Besin piramidinde tepeden tabana vücut büyüklüğü nasıl değişir?|değişir|
Besin piramidinin her basamağında olan canlılar hangileridir?|canlılar|
Besin pramidinde üreticiden tüketiciye doğru vücutta zehirli madde birikimi nasıl değişir?|değişir|
Besin zincirinde iletim nasıl olmaktadır?|olmaktadır|
Besin zincirinde üreticiden tüketiciye doğru gidildikçe biyolojik birikim nasıl değişir?|değişir|
Besin zincirindeki beslenme basamakları nelerdir?|beslenme basamakları|
Besinlerde fiziksel kirlenme nasıl gerçekleşir?|gerçekleşir|
Besinlerde kimyasal kirlenme nasıl gerçekleşir?|gerçekleşir|
Beyin omurilik sıvısının (BOS) görevi nedir?|görevi|
Bilim insanında bulunması gereken özellikler nelerdir?|özellikler|
Bilim nedir?|bilim|
Bilim ve teknoloji arasındaki fark nedir?|fark|
Bilimsel araştırmalar yapılırken dikkat edilmesi gereken ilkeler nelerdir?|ilkeler|
Bilimsel bir çalışma nasıl yapılır?|yapılır|
Bilimsel yöntemin basamakları nelerdir?|basamakları|
Bir ağacın yaş halkasının diğer yıllarda oluşanlara göre daha dar olmasının sebebi neler olabilir?|olabilir|
Bir ailede renk körü kız ve sağlam erkek çocuklar varsa anne babanın renk körlüğü bakımından genotipleri nedir?|genotipleri|
Bir ailedeki çocuklardan yalnız erkekler hemofili, dişiler sağlam ise anne babanın genotipleri nedir?|genotipleri|
Bir bireyin zamanla kandaki antikor miktarının artmasının sebebi nedir?|sebebi|
Bir bireyin zamanla kandaki antikor miktarının azalmasının sebebi nedir?|sebebi|
Bir bitkinin büyüme hızına etki eden faktörler nelerdir?|faktörler|
Bir bitkinin çiçekli bitki olup olmadığına nasıl karar verilir?|karar verilir|
Bir canlının eşeyli üremeyle çoğalması için ne gereklidir?|gereklidir|
Bir ekosistemde canlılığın devamı için neler kesinlikle gereklidir?|gereklidir|kesinlikle
Bir ekosistemde ekolojik niş kavramı ne anlama gelir?|anlama gelir|
Bir ekosistemdeki su kirliliğini azaltmak için neler yapılabilir?|yapılabilir|
Bir ekosistemin dengeli olabilmesi için neler uygulanabilir?|uygulanabilir|
Bir hücrelilerden memelilere kadar canlılarda boşaltımla görevli yapı ve sistemlerin temel ve ortak görevi nedir?|görevi|
Bir insanda atardamarlardan geçmekte olan kanın akış hızı nasıldır?|akış hızı|
Bir insanda kılcal damarlardan geçmekte olan kanın akış hızı nasıldır?|akış hızı|
Bir insanda toplardamarlardan geçmekte olan kanın akış hızı nasıldır?|akış hızı|
Bir kişinin yemekten önce ve sonra kanındaki glikoz düzeyi hakkında ne söylenebilir?|söylenebilir|
Bir mutasyonun evrime yardımcı olabilmesi için hangi koşullar gereklidir |koşullar|
Bir popülasyonda gen frekansının değişmesine neden olan durumlar nelerdir?|durumlar|
Bir popülasyondaki aşırı büyümenin olası sonuçları nelerdir?|sonuçları|olası
Bir popülasyonun büyüklüğünü etkileyen faktörler nelerdir?|faktörler|
Bir popülasyonun dağılımını etkileyen faktörler nelerdir?|faktörler|
Bir popülasyonun dinamiğini oluşturan etmenler nelerdir?|etmenler|
Bir popülasyonun yoğunluğunu etkileyen faktörler nelerdir?|faktörler|
Bir popülasyonunyaş dağılımını etkileyen faktörler nelerdir?|faktörler|
Bir sinir hücresindeimpulslar iletilirken hangi olaylar gerçekleşir?|olaylar|
Bir sinir hücresinden diğer sinir hücresine uyartının iletimi nasıl gerçekleşir?|gerçekleşir|
Bir solunum pigmentinin görevini yapabilmesi için, sahip olması gereken özellik nedir?|özellik|
Bir sprocunun koşmaya başlamasından sonra dolaşım sisteminde görülebilecek değişiklikler neler olabilir?|olabilir|
Bir süre kendi etrafında dönen bir insanın sandalyeye oturduktan sonra baş dönmesi hissinin devam etmesinin nedeni nedir?|nedeni|
Bir türde evrim olayının gerçekleşmesi için gerekli faktörler nelerdir?|faktörler|gerekli
Bir türün evrimleşebilmesi için neler zorunludur?|zorunludur|
Bir yerleşim yerindeki ekosistemde canlı türlerinin çeşitliliğinin azalıyorsa bunun nedeni ne olabilir?|olabilir|
Bireylerin genetik taraması nasıl yapılır?|yapılır|
Bireysel faktör hipotezi nedir?|bireysel faktör hipotezi|
Birincil ve ikincil süksesyon arasındaki farklar nelerdir?|farklar|
Bitki hücrelerinde sitokinez nasıl gerçekleşir?|gerçekleşir|
Bitki örtüsünün yok olmasının ekolojik dengenin bozulmasındaki rolü nedir?|rolü|
Bitki örtüsünün yok olmasının erozyon oluşumuna etkisi nedir?|etkisi|
Bitki ve hayvanların yeryüzündeki dağılımına iklimin etkisi nasıldır?|etkisi|
Bitkiler büyüdükçe kök siteminde ne gibi değişiklikler olur?|değişiklikler|
Bitkilerde aktif taşıma nedir?|aktif taşıma|
Bitkilerde besin tuzları neden önemlidir?|önemlidir|
Bitkilerde boyca uzama nasıl gerçekleşir?|gerçekleşir|
Bitkilerde büyüme hızı, sıcaklık arttıkça nasıl değişmektedir?|değişmektedir|
Bitkilerde büyüme hızı, sıcaklık azaldıkça nasıl değişmektedir?|değişmektedir|
Bitkilerde büyüme ve gelişmeyi hızlandıranhormonlar nelerdir?|hormonlar|
Bitkilerde çapraz tozlaşma nasıl oluşmaktadır?|oluşmaktadır|
Bitkilerde çift döllenme nasıl gerçekleşmektedir?|gerçekleşmektedir|
Bitkilerde dalların görevi nedir?|görevi|
Bitkilerde damarların görevi nedir?|görevi|
Bitkilerde dişi oragnın üretimi nasıl gerçekleşir?|gerçekleşir|
Bitkilerde dişi organın yapısında neler bulunur?|bulunur|
Bitkilerde döllenme nasıl gerçekleşir?|gerçekleşir|
Bitkilerde erkek organın görevi nedir?|görevi|
Bitkilerde gen klonlamasının tarım alanında sağladığı yararlar nelerdir?|yararlar|
Bitkilerde görülen  sismonasti hareketi nasıl gerçekleşmektedir?|gerçekleşmektedir|
Bitkilerde görülen  termonasti hareketi nasıl gerçekleşmektedir?|gerçekleşmektedir|
Bitkilerde görülen fotonasti hareketi nasıl gerçekleşmektedir?|gerçekleşmektedir|
Bitkilerde görülen fototropizma hareketi nasıl gerçekleşmektedir?|gerçekleşmektedir|
Bitkilerde görülen geotropizma hareketi nasıl gerçekleşmektedir?|gerçekleşmektedir|
Bitkilerde görülen haptotropizma hareketi nasıl gerçekleşmektedir?|gerçekleşmektedir|
Bitkilerde görülen hidrotropizma hareketi nasıl gerçekleşmektedir?|gerçekleşmektedir|
Bitkilerde görülen kemotropizma hareketi nasıl gerçekleşmektedir?|gerçekleşmektedir|
Bitkilerde görülen nasti hareketi nedir?|nasti hareketi|
Bitkilerde görülen negatif fototropizma hareketi nasıl gerçekleşmektedir?|gerçekleşmektedir|
Bitkilerde görülen pozitif fototropizma hareketi nasıl gerçekleşmektedir?|gerçekleşmektedir|
Bitkilerde görülen travmatropizma hareketi nasıl gerçekleşmektedir?|gerçekleşmektedir|
Bitkilerde görülen tropizma hareketi nedir?|tropizma hareketi|
Bitkilerde hangi durumlarda çift döllenme gerçekleşmektedir?|durumlarda|
Bitkilerde iletim sisteminin görevi nedir?|görevi|
Bitkilerde kendi kendine tozlaşma nasıl oluşmaktadır?|oluşmaktadır|
Bitkilerde kılcallık ile sıvı iletimi arasında nasıl bir ilişki vardır?|ilişki|
Bitkilerde klonlama nasıl gerçekleşir?|gerçekleşir|
Bitkilerde kökün görevleri nelerdir?|görevleri|
Bitkilerde sekonder (ikincil) meristem dokunun görevleri nelerdir?|görevleri|
Bitkilerde sekonder (ikincil) meristem dokunun görevleri nelerdir?|görevleri|
Bitkilerde su ve minerallerin taşınması nasıl gerçekleşmektedir?|gerçekleşmektedir|
Bitkilerde taç yaprakların görevi nedir?|görevi|
Bitkilerde tohumun çimlenmesi nasıl gerçekleşmektedir?|gerçekleşmektedir|
Bitkilerde tohumun taşınmasını sağlayan mekanizmalar nelerdir?|mekanizmalar|
Bitkilerde tohumun yapısında neler bulunmaktadır?|bulunmaktadır|
Bitkilerde vasküler(damar) kambiyumunun özellikleri nelerdir?|özellikleri|
Bitkilerde yaprakların görevi nedir?|görevi|
Bitkileri diğer çok hücreli canlılardan ayıran özellikler nelerdir?|özellikler|
Bitkileri sınıflandırırken kullanılan özellikler nelerdir?|özellikler|
Bitkilerin büyüme ve gelişiminde görevli olan makro elementler nelerdir?|makro elementler|
Bitkilerin büyüme ve gelişiminde görevli olan mikro elementler nelerdir?|mikro elementler|
Bitkilerin büyümesine etki eden bitkisel hormonlar nelerdir?|bitkisel hormonlar|
Bitkilerin büyümesine etki eden çevresel faktörler nelerdir?|faktörler|çevresel
Bitkilerin büyümesine etki eden hormonal faktörler nelerdir?|faktörler|hormonal
Bitkilerin insan için faydaları nelerdir?|farklar|
Bitkilerin toprağın altında kalan kısımları nelerdir?|kısımları|
Bitkilerin toprağın üstünde kalan kısımları nelerdir?|kısımları|
Bitkilerin uyaranın yönüne bağlı olarak gerçekleştirdikleri hareketler nelerdir?|hareketler|
Bitkilerin uyaranın yönüne bağlı olmaksızın gerçekleştirdikleri hareketler nelerdir?|hareketler|
Bitkinin büyüme hızına etki etmenler hangileridir?|etmenler|
Bitkinin tepe noktası koparıldığında gelişiminde ne gibi değişiklikler gözlenir?|değişiklikler|
Bitkise ve hayvansal hormonların ortak özellikleri nelerdir?|özellikleri|ortak
Bitkisel dokular nelerdir?|bitkisel dokular|
Biyoçeşitliliğin azalmasına neden olan faktörler nelerdir?|faktörler|
Biyokütlesi en fazla olan canlı grubu hangisidir?|canlı grubu|
Biyolojik birikim ne demektir?|demektir|
Biyolojik birikimin en fazla olduğu canlılar hangileridir?|canlılar|
Biyolojik çeşitliliğe etki eden faktörler nelerdir?|faktörler|
Biyolojik çeşitliliği korumak için neler yapılabilir?|yapılabilir|
Biyolojik çeşitliliğin ekosistem için önemi nedir?|önemi|
Biyolojik çeşitliliğin ülke kalkınmasına katkıları nelerdir?|katkıları|
Biyolojik çeşitliliğinin sürdürülebilirliğinin sağlanması için neler yapılabilir?|yapılabilir|
Biyolojik çeşitlilik nedir?|biyolojik çeşitlilik|
Biyolojik ıslah çalışmalarında kullanılan yöntemler nelerdir?|yöntemler|
Biyom ile ekosistem arasında nasıl bir ilişki vardır?|ilişki|
Biyom ne demektir?|demektir|
Biyomların dağılımına etki eden faktörler nelerdir?|faktörler|
Biyosferin en büyük bölümünü kaplayan biyom türü hangisidir?|biyom türü|
Biyotik faktörler nelerdir?|faktörler|
Blastula evresinde ne gerçekleşir?|gerçekleşir|
Böbrek hastalarının çoğunun kansızlıkla karşı karşıya kalmasının sebebi nedir?|sebebi|
Böbrek üstü bezinin salgıladığı hormonlar nelerdir?|hormonlar|
Böbrekte geri emilme olayı hangi yapılar arasında gerçekleşir?|yapılar|
Böceklerin hızlı hareket etmesinin sebebi nedir?|sebebi|
Böceklerin vücudunda su kaybını en aza indirecek boşaltımla ilgili adaptasyonlar nelerdir?|adaptasyonlar|
Böceklerle tozlaşan bitkilerde, tozlaşmayı artıran uyum durumları nelerdir?|uyum durumları|
Bölünerek üreme hangi canlılarda görülür?|canlılarda|
Bölünerek üreme nasıl gerçekleşir?|gerçekleşir|
Bor mineralinin kullanıldığı sektörler nelerdir?|sektörler|
Botoks uygulanan bölgede hangi iletimler gerçekleşmez?|iletimler|
Büyük kan dolaşımı nedir?|büyük kan dolaşımı|
Büyük kan dolaşımı sırasında kan, hangi damarlardan geçmez?|damarlardan|
C vitamini eksikliğinde görülen hastalıklar nelerdir?|hastalıklar|
C vitaminin görevi nedir?|görevi|
Çalışmaları sonucunda Mendel'in ortaya çıkardığı bilgi nedir?|bilgi|
Canlılar beslenmeye neden ihtiyaç duyarlar?|ihtiyaç duyarlar|
Canlılarda büyüme nasıl gerçekleşir?|gerçekleşir|
Canlılarda gelişme hangi evrelerde gerçekleşir?|evrelerde|
Canlılarda suyun önemi nedir?|önemi|
Canlıları sınıflandırmanın amacı nedir?|amacı|
Canlıların arasında tek tarafın faydasına yönelik gerçekleşen simbiyotik yaşam şekilleri nelerdir?|simbiyotik yaşam çeşitleri|
Canlıların çeşitliliğini sağlayan üreme şekli hangisidir?|üreme şekli|
Canlıların yapısında bulunan inorganik bileşikler nelerdir?|bileşikler|inorganik
Canlıların yapısında bulunan organik bileşikler nelerdir?|bileşikler|organik
Canlılık özelliklerinin belirlenmesi neden önemlidir?|önemlidir|
Çaprazlamada Punnet karesi yöntemi nasıl uygulanmaktadır?|uygulanmaktadır|
Çatışma ve baskınlık davranışlarının yararları nelerdir?|yararları|
Çatışma ve baskınlık davranışlarının zararları nelerdir?|zararları|
Çayır biyomunun genel özellikleri nelerdir?|özellikleri|genel
Çekirgede solunum sisteminin diğer canlılara göre farkı nedir?|farkı|
Çevresel değişikliklerin, varyasyonların ortaya çıkması ve türlerin evrimleşmesi üzerine nasıl bir etkisi vardır?|etkisi|
Çiçeklerin tozlaşmasını sağlayan canlılar hangileridir?|canlılar|
Çiçekli bitkilerde döllenme sonucuoluşan tohumda hangi yapılar bulunmaz?|yapılar|
Çiçekli bitkilerde döllenmeden sonra gerçekleşen olaylar nelerdir?|olaylar|
Çiçekli bitkilerde polen oluşumu nasıl gerçekleşmektedir?|gerçekleşmektedir|
Çiçekli bitkilerde tozlaşma nasıl gerçekleşmektedir?|gerçekleşmektedir|
Çiçekli bitkilerde üremeyi sağlayan organlar nelerdir?|organlar|
Çiçekli bitkilerin embriyo kesesindeki hangi hücre çeşitleri döllenerek tohum oluşumuna katılır?|hücre çeşitleri|
Çift çenekli bir bitkide tohumun çimlenme yeteneğini koruma süresi nelere bağlı olarak değişir?|değişir|bağlı olarak
Çift çenekli bitkilerin damar yapısı nasıldır?|damar yapısı|
Çift çenekli bitkilerin gövde yapısı nasıldır?|gövde yapısı|
Çimlenmekte olan bir tohumda, fotosentez yapana kadar geçen süreçte hangi olaylar gerçekleşmez?|olaylar|
Çimlenmeye etki eden faktörler nelerdir?|faktörler|
Cinsel ilişki yoluyla bulaşan hastalıklar nelerdir?|hastalıklar|
Cinsel yolla bulaşan hastalıkların hangileri Türkiye'de daha fazla görülmektedir?|hastalıkların|cinsel yolla bulaşan
Cinsel yolla bulaşan hastalıkların yayılma nedenleri nedir?|yayılma nedenleri|
Çizgili kasların düz kaslardan yapı ve işlev bakımından farkları nedir?|farkları|
Çizgili kasların gevşemesi sırasında hangi durumlar gözlenir?|durumlar|
Çocukların büyüdükçe dengelerini daha iyi sağlamalarının nedeni nedir?|nedeni|
Çok yıllık bitkilerde enine kalınlaşma nasıl gerçekleşir?|gerçekleşir|
Çok yıllık bitkilerde parankima dokusu tarafından gerçekleştirilen olaylar nelerdir?|olaylar|
Çöl biyomunun rastlanabileceği kıtalar hangileridir?|kıtalar|
Çölde yaşamayı kolaylaştıran adaptasyonlar neler olabilir?|olabilir|
Çöllerin artmasının erozyon oluşumuna etkisi nedir?|etkisi|
Cross-over olayı canlılar için neden önemlidir?|önemlidir|
Cross-over olayı nedir?|cross-over olayı|
Cross-over olayının gerçekleşmesi neden önemlidir?|önemlidir|
D vitamini eksikliğinde ortaya çıkabilecek hastalıklar nelerdir?|hastalıklar|
D vitaminin görevi nedir?|görevi|
Dağda yaşayan bir bireyin kandaki hemoglobin miktarının düşük olmasının sebebi nedir?|sebebi|
Damlama (gutasyon) nedir?|damlama (gutasyon)|
Darwin'in evrim hakkındaki görüşleri nelerdir?|görüşleri|
Darwin'indoğal seleksiyon hipotezi nedir?|doğal seleksiyon hipotezi|
Dehidrasyon nedir?|dehidrasyon|
Dengeli beslenen normal bir insanın, protein içerenbesinlerden fazla miktarda alması sonucu idrarında glukoz miktarı nasıl değişir?|değişir|
Dengeli beslenen normal bir insanın, protein içerenbesinlerden fazla miktarda alması sonucu idrarındaki üre miktarı nasıl değişir?|değişir|
Dengeli beslenen normal bir insanın, protein içerenbesinlerden fazla miktarda alması sonucu kandaki glukoz miktarı nasıl değişir?|değişir|
Dengeli beslenen normal bir insanın, protein içerenbesinlerden fazla miktarda alması sonucu kanındaki ozmotik basıncı nasıl değişir?|değişir|
Dengeli beslenen normal bir insanın, protein içerenbesinlerden fazla miktarda alması sonucu kanındaki pH miktarı nasıl değişir?|değişir|
Deniz yosunlarının insan sağlığı açısından önemi nedir?|önemi|
Deri, solungaç, akciğer ve trake solunum sistemlerinin ortak özellikleri nelerdir?|özellikleri|ortak
Difüzyon nedir?|difüzyon|
Dihibrit bireylerde görülen özellik nedir?|özellik|
Dihibrit çaprazlama nedir?|dihibrit çaprazlama|
Dış gelişme ve iç döllenme gerçekleştiren canlılar nelerdir?|canlılar|
Dış iskelete sahip organizmalardan bazılarının zaman zaman kabuk değiştirmesinin nedeni nedir?|nedeni|
Dış solunum olayı nasıl gerçekleşmektedir?|gerçekleşmektedir|
Dişilerde Folikül uyarıcı hormonun görevi nedir?|görevi|
Dişilerde FSH hormonunun görevi nedir?|görevi|
Dişilerde LH hormonunun görevi nedir?|görevi|
Dişilerde LTH hormonunun görevi nedir?|görevi|
Dişilerde Lüteinleştirici hormonungörevi nedir?|görevi|
Dişilerde Lüteo tropik hormonun görevi nedir?|görevi|
Dişilerde Prolaktin hormonunun görevi nedir?|görevi|
Dışkılamanın homeostasiye etkisi nedir?|etkisi|
DNA kendini ne zaman ve niçin eşler?|zaman|
DNA molekünün görevi nedir?|görevi|
DNA nükleotitleri ile RNA nükleotitleri arasındaki farklar nelerdir?|farklar|
DNA parmak izi ne işe yarar?|işe yarar|
DNA'da meydana gelen gen mutasyonunun organizmaya etkisi nedir?|etkisi|
DNA'nın görevi nedir?|görevi|
DNA'nın replikasyonu nasıl gerçekleşmektedir?|gerçekleşmektedir|
DNA'nın yapısı nasıldır?|yapısı|
DNA'nın yapısına katılan bazların görevi nedir?|görevi|
DNA'nın yapısında hangi moleküller bulunur?|moleküller|
DNA'nın yarı korunumlu eşlenme durumu ne zaman gerçekleşmektedir?|zaman|
Doğada enerji akışı nasıldır?|enerji akışı|
Doğadaki değişiklikler evrimi nasıl etkiler?|etkiler|
Doğadaki madde döngüleri nelerdir?|madde döngüleri|
Doğadaki su döngüsünün gerçekleşebilmesi suyun hangi özelliğinden kaynaklanmaktadır?|özelliğinden|
Doğal kaynaklar nelerdir?|doğal kaynaklar|
Doğal kaynakların korunma yöntemleri nelerdir?|korunma yöntemleri|
Doğal kirleticiler nelerdir?|doğal kirleticiler|
Doğal radyasyonun kaynakları nelerdir?|kaynakları|
Doğal seçilim ne demektir?|demektir|
Doğal seçilimin evrime katkısı nedir?|katkısı|
Döllenme nasıl gerçekleşir?|gerçekleşir|
Döllenmemiş ve döllenmiş yumurtalar arasında ne gibi farklar vardır?|farklar|
Dormansi ne demektir?|demektir|
Down sendromlu bireylerin fenotipi nasıldır?|fenotipi|
Down sendromlu bireylerin fiziksel görünüşü nasıldır?|görünüşü|fiziksel
Down sendromuna sahip bireylerin gösterdiği fenotip nasıldır?|fenotip|
Duchenne kas distrofisi hastalığının belirtileri nelerdir?|belirtileri|
Dünya üzerinde en fazla görünen solucan tipi hangisidir?|solucan tipi|
Dünya yüzeyinin aşırı ısınmasının sebepleri nelerdir?|sebepleri|
Dünyada bulunan ekosistem çeşitleri nelerdir?|ekosistem çeşitleri|
Dünyada hangi biyom çeşitleri görülür?|biyom çeşitleri|
Düz kaslar hangileridir?|düz kaslar|
Düz kaslar ile çizgili kaslar arasındaki yapısal farklar nelerdir?|farklar|yapısal
E vitamini eksikliğinde ortaya çıkabilecek hastalıklar nelerdir?|hastalıklar|
E vitaminin görevi nedir?|görevi|
Eğrelti otlarına ait özellikler nelerdir?|özellikler|
Eklembacaklılarda görülen solunum organlarının özellikleri nelerdir?|özellikleri|
Eklemlerde kemiğin aşınmasını önleyen yapılar nelerdir?|yapılar|
Ekoloji nedir?|ekoloji|
Ekoloji son yıllarda neden önceki yıllara göre daha önemli bir noktaya gelmiştir?|gelinmiştir|
Ekolojik ayak izi canlılar için neden önemlidir?|önemlidir|
Ekolojik ayak izi nedir?|ekolojik ayak izi|
Ekolojik değer nedir?|ekolojik değer|
Ekolojik niş ne demektir?|demektir|
Ekosistemde ayrıştırıcılar olmasaydı ne olurdu?|olurdu|
Ekosistemde tüketiciler olmasaydı ne olurdu?|olurdu|
Ekosistemdeki canlılar beslenme şekillerine göre kaça ayrılır?|ayrılır|
Ekosistemdeki canlıları etkileyen faktörler nelerdir?|faktörler|
Ekosistemdeki cansız abiyotik faktörler nelerdir?|abiyotik faktörler|cansız
Ekosisteme zarar veren insan faaliyetleri nelerdir?|insan faaliyetleri|
Ekosistemin korunması için su kirliliği ile ilgili alınması gereken tedbirler nelerdir?|tedbirler|
Ekosistemlerin bozulması, biyolojik çeşitliliği nasıl etkiler?|etkiler|
Ekoton ne demektir?|demektir|
Ekzositozu aktif taşımadan ayıran özellik nedir?|özellik|
El ve ayak kemikleri arasında çok sayıda eklem bulunmasının nedeni ne olabilir?|olabilir|
Embriyodaki metabolik atıklar nasıl dışarı atılmaktadır?|dışarı atılmaktadır|
Embriyodaki metabolik atıklar nerede birikmektedir?|birikmektedir|
Embriyonun dışında yer alan zarlar ne işe yarar?|işe yarar|
Embriyonun dışındaki amniyon zarının görevi nedir?|görevi|
Embriyonun dışındaki koriyonun zarının görevi nedir? |görevi|
Embriyoya ait vitellüs kesesinin bazı canlılarda küçük olmasının sebebi nedir?|sebebi|
Embriyoya ait vitellüs kesesinin hangi canlılarda çok küçüktür?|canlılarda|
Endemik tür nedir?|endemik tür|
Endositoz hangi durumda gerçekleşir?|durumda|
Endospermin görevi nedir?|görevi|
Enzim etki mekanizmasında gerçekleşen olaylar nelerdir?|olaylar|
Enzimlerin çalışmasına etki eden etmenler nelerdir?|etmenler|
Enzimlerin özellikleri nelerdir?|özellikleri|
Enzimlerin yapısında neler bulunur?|bulunur|
Erkek üreme organında bulunan testislerin görevi nedir?|görevi|
Erkek üreme sistemini kontrol eden hormonlar nelerdir?|hormonlar|
Erkeklerde FSH hormonunun görevi nedir?|görevi|
Erkeklerde LH hormonunun görevi nedir?|görevi|
Erkeklerde üreme sistemi nelerden oluşur?|oluşur|
Erozyona sebep olan olaylar nelerdir?|olaylar|
Eşeye bağlı baskın özellikler nelerdir?|baskın özellikler|
Eşeye bağlı çekinik özellikler nelerdir?|çekinik özellikler|
Eşeye bağlı karakter ne demektir?|demektir|
Eşeyli üreme nasıl gerçekleşir?|gerçekleşir|
Eşeyli üremede tür içi kromozom sayısının sabit kalmasını sağlayan olaylar nelerdir?|olaylar|
Eşeysiz üreme nasıl gerçekleşir?|gerçekleşir|
Etilen hormonunun bitkilerin büyümesine etkileri nelerdir?|etkileri|
Etnobotanik nedir?|etnobotanik|
Etnobotanik nedir?|etnobotanik|
Evrimin açıklanmasına biyokimyanın katkıları nelerdir?|katkıları|
Evrimin açıklanmasına embriyolojinin katkıları nelerdir?|katkıları|
Evrimin açıklanmasına genetiğin katkıları nelerdir?|katkıları|
Evrimin varlığına kanıt olabilecek durumlar nelerdir?|durumlar|
Fazlası depolanamayıp, idrarla atılan vitaminler hangileridir?|vitaminler|
Fenotopik eşey belirlenmesi durumu nasıl gerçekleşmektedir?|gerçekleşmektedir|
Fetal evrede fetüsün gelişimi nasıldır?|fetüsün gelişimi|
Fitoplankton nedir?|fitoplankton|
Fosiller evrimin anlaşılmasına nasıl katkıda bulunur?|katkıda bulunur|
Fosillerin araştırılmasından elde edilen bilgilerin, yaşamın anlaşılmasına sağladığı katkılar nelerdir?|katkılar|
Fosillerin ve kayaçların yaşı nasıl hesaplanır?|hesaplanır|
Fotoototrof canlılar ne ile beslenir?|beslenir|
Fotoperiyodizm nedir?|fotoperiyodizm|
Fototototrof canlılara örnekler nelerdir?|örnekler|
Gamet nedir?|gamet|
Gametofit nedir?|gametofit|
Gastrula evresinde ne gerçekleşir?|gerçekleşir|
GDO'lu ürünleri tüketen insanlarda sık görülen hastalıklar nelerdir?|hastalıklar|
Genetiği değiştirilmiş organizmaların yararları nelerdir?|yararları|
Genetiği değiştirilmiş organizmaların zararları nelerdir?|zararları|
Genetik çeşitliliğinin asıl kaynağı nedir?|kaynağı|asıl
Genetik çeşitlilik nedir?|genetik çeşitlilik|
Genetik danışmanlık neden önemlidir?|önemlidir|
Genetik harita ne işe yarar?|işe yarar|
Genetik mühendisliğinin çalışma konuları nelerdir?|çalışma konuları|
Gen-Kromozom teorisi nedir?|gen-kromozom teorisi|
Genom projesi nedir?|genom projesi|
Genom projesi nedir?|genom projesi|
George Mendel yaptığı kalıtım çalışmalarında neden bezelyeyi seçmiştir?|seçmiştir|
Geviş getiren memeli hayvanların mide yapısı nasıldır?|mide yapısı|
Giberellin hormonunun bitkilerin büyümesine etkileri nelerdir?|etkileri|
Gıda zehirlenmesi nasıl olur?|olur|
Glukagon hormonunun kandaki glikoz miktarına etkisi nedir?|etkisi|
Göbek kordonu ne işe yarar?|işe yarar|
Golgi cisimciğinin görevini yapmaması sonucu oluşan hastalıklar nelerdir?|hastalıklar|
Gonozomlarda ayrılmama durumunda oluşan hastalıklar nelerdir?|hastalıklar|
Göz merceğinin şekli nasıldır?|şekli|
Gözde dıştan içe doğru hangi yapılar vardır?|yapılar|
Gözlem ve çıkarım arasındaki fark nedir?|fark|
Grip hastalığında neden antibiyotik önerilmektedir?|önerilmektedir|
Grip virüsü nasıl bulaşmaktadır?|bulaşmaktadır|
Grip ya da nezle olan insanlar yedikleri besinlerin tatlarını tam olarak alamamalarının sebebi nedir?|sebebi|
Gün uzunluğundan etkilenen bitkiler nelerdir?|bitkiler|
Gün uzunluğundan etkilenmeyen bitkiler nelerdir?|bitkiler|
Gün uzunluğunu, bitkilerde büyüme ve gelişmeyi nasıl etkilemektedir?|etkilemektedir|
Güncel çevre sorunları nelerdir?|çevre sorunları|güncel
Güneş ışığının bitki ve hayvanların yeryüzündeki dağılımına etkisi nedir?|etkisi|
Gürültü kirliliği nasıl ölçülür?|ölçülür|
Gürültü kirliliği nedir?|gürültü kirliliği|
Habitat nedir?|habitat|
Halkalı solucanlar ne ile beslenir?|beslenir|
Halkalı solucanlara örnekler nelerdir?|örnekler|
Hamilelik sırasında görülebilecek gelişim anormallikleri nelerdir?|gelişim anormallikleri|
Hamilelik sırasında görülen gelişim anormalliklerinin sebepleri nelerdir?|sebepleri|
Hamilelikte bebeğin gelişimini olumsuz etkileyen faktörler nelerdir?|faktörler|
Hamilelikte embriyonik evrede ne gerçekleşir?|gerçekleşir|
Hamilelikte fetal evrede ne gerçekleşir?|gerçekleşir|
Hangi canlılarda kan, oksijeni dokulara kadar taşımaz?|canlılarda|
Hangi ortamda yaşayan memelilerde böbrek kanalcıkları daha uzundur?|ortamda|
Hangi ürünler GDO'ludur?|ürünler|
Hangi virüs örnekleri bulunur?|virüs örnekleri|
Haploit kromozom nedir?|haploit kromozom|
Hasar görmüş olan bir doku, kendisini nasıl yeniler?|yeniler|
Hava kalite indeksi nedir?|hava kalite indeksi|
Hava kirliliğine neden olan gazlar nelerdir?|gazlar|
Hava kirliliğine sebep olan etkenler nelerdir?|etkenler|
Hava kirliliğini durdurmak için neler yapılabilir?|yapılabilir|
Havadaki karbondioksidi bağlayan olaylar nelerdir?|olaylar|
Havanın serbest azot miktarını artıran canlı grubu hangileridir?|canlı grubu|
Hayvan hücrelerinde sitokinez nasıl gerçekleşir?|gerçekleşir|
Hayvan ve bitki üretiminde kullanılan ıslah yöntemleri nelerdir?|ıslah yöntemleri|
Hayvanlarda bulunan üç tip iskeletin birbirinden farkları nelerdir?|farkları|birbirinden
Hayvanlarda organogenezi etkileyen faktörler nelerdir?|faktörler|
Hemofili taşıyıcısı bir anneyle normal bir babadan doğacak çocukların genotipleri nasıldır?|genotipleri|
Hepatit B virüsü hangi hastalığa neden olur?|hastalığa|
Hermafrodit canlı nedir?|hermafrodit canlı|
Heterotrof canlılar ne ile beslenir?|beslenir|
Heterotrof hipotezi nedir?|heterotrof hipotezi|
Heterotrof hipotezine göre ilk canlının sahip olduğu özellikler nelerdir?|özellikler|
Heyelan artışının erozyon oluşumuna etkisi nedir?|etkisi|
Hibritleşme nedir?|hibritleşme|
Hipotonik idrar oluşumuna sebep olan durumlar nelerdir?|durumlar|
HIV virüsü hangi hastalığa neden olur?|hastalığa|
Holozoik beslenme ne demektir?|demektir|
Homokromi nedir?|homokromi|
Homolog ve analog yapıların incelenmesi evrimin anlaşılmasına nasıl katkı sağlar?|katkı sağlar|
Hormonal düzenlemede negatif geri bildirim ne demektir?|demektir|
Hormonların görevleri nelerdir?|görevleri|
Hormonların sadece hedef organda etki göstermesinin nedeni nedir?|nedeni|
Hücre bölünmesi sırasında G1 kontrol noktasında neler yapılır?|yapılır|
Hücre bölünmesi sırasında G2 kontrol noktasında ne yapılır?|yapılır|
Hücre bölünmesi sırasında M kontrol noktasında ne yapılır?|yapılır|
Hücre bölünmesini denetleyen kontrol noktaları nelerdir?|kontrol noktaları|
Hücre çekirdeğinin görevi nedir?|görevi|
Hücre çekirdeğinin yapısında neler bulunur?|bulunur|
Hücre dışı sindirimin hücre içi sindirime göre daha avantajlı olmasının nedeni nedir?|nedeni|
Hücre organellerinden sitoplazmanın yapısında neler bulunur?|bulunur|
Hücre zarının görevi nedir?|görevi|
Hücrede çalışan enzimlerin reaksiyon hızına etki eden etmenler nelerdir?|etmenler|
Hücreler tarafından gerçekleştirilen protein sentezi neden önemlidir?|önemlidir|
Hücrelerde aktif taşıma nasıl gerçekleşir?|gerçekleşir|
Hücrelerde pasif taşıma nasıl gerçekleşir?|gerçekleşir|
Hücrelerdeki asit ve baz dengesinin canlılık için önemi nedir?|önemi|
Hücrenin pH'ının azalmasına neden olan tepkimeler nelerdir?|tepkimeler|
İç döllenme gerçekleştiren canlılar nelerdir?|canlılar|
İç döllenme yapan canlıların özellikleri nelerdir?|özellikleri|
İç solunum olayı nasıl gerçekleşmektedir?|gerçekleşmektedir|
İçgüdü nedir?|içgüdü|
İçgüdüsel davranışlar nelerdir?|davranışlar|
İçme suyu kalitesini belirleyen parametreler nelerdir?|parametreler|
İdrar toplama kanalları nerededir?|nerededir|
İki yaşama sahip omurgalılar hangileridir?|omurgalılar|
İklimin canlılar üzerindeki etkileri nelerdir?|etkileri|
İletim dokuda bulunan floemin görevi nedir?|görevi|
İletim dokuları bitkilerin hangi kısımlarında bulunur?|kısımlarında|
İlkbahar odunun açık renkli halkalar şeklinde görülmesinin nedeni nedir?|nedeni|
İltihaplanma nasıl gerçekleşir?|gerçekleşir|
İnce bağırsağın iç yüzeyinde bulunan villusların kazandırdığı avantaj nedir?|avantaj|
İnce zarlı, bol sitoplazmalı, büyük çekirdekli ve devamlı çoğalabilen hücreler hangileridir?|hücreler|
İnsan dişi üreme sistemindeki rahimin görevi nedir?|görevi|
İnsan dişi üreme sistemini kontrol eden hormonlar nelerdir?|hormonlar|
İnsan embriyosunun normal gelişiminde hangi olaylar görülür?|olaylar|
İnsan Genom Projesinin amacı nedir?|amacı|
İnsan Genom Projesi'nin amacı nedir?|amacı|
İnsan kalbinde bulunan kapakçıkların görevleri nelerdir?|görevleri|
İnsan nüfusunun artması sonucu doğada meydana gelen olumsuz etkiler nelerdir?|etkiler|olumsuz
İnsan vücudunda ödem oluşmasının sebebi nedir?|sebebi|
İnsana yarar sağlayan bakteriler hangileridir?|bakteriler|
İnsanda akciğerin görevleri nelerdir?|görevleri|
İnsanda D vitamini eksikliği, hangi maddelerin dengesinin bozulmasına sebep olur?|maddelerin|
İnsanda dişi bireyde normal bir menstrual döngü sırasında kandaki FSH hormonunun değişimi nasıldır?|değişimi|
İnsanda dişi bireyde normal bir menstrual döngü sırasında kandaki LH hormonunun değişimi nasıldır?|değişimi|
İnsanda dişi bireyde, normal bir menstrual döngü sırasında, kandaki LH hormonunun miktarındaki değişimi nasıldır?|değişimi|
İnsanda doku sıvısının önemli olmasının nedeni nedir?|nedeni|
İnsanda eşeyin belirlenmesi nasıl gerçekleşmektedir?|gerçekleşmektedir|
İnsanda gerçekleşen olaylardan hangileri homeostasinin sağlanmasında doğrudan etkilidir?|olaylardan|insanda gerçekleşen
İnsanda hangi olaylar kasların peristaltik hareketiyle sağlanır?|olaylar|
İnsanda idarara çıkma sıklığını artıran durumlar nelerdir?|durumlar|
İnsanda kan gruplarından 3 farklı fenotip görülmesinin nedeni nedir?|nedeni|
İnsanda karaciğerin görevi nedir?|görevi|
İnsanda kromozom sayısında artışla ortaya çıkan genetik bozukluklar nasıl oluşur?|oluşur|
İnsanda meydana gelen mantar hastalıkları nelerdir?|mantar hastalıkları|
İnsanda üreme sisteminin doğumdan sonraki normal gelişimi nasıldır?|gelişimi|normal
İnsanda vücudun su dengesini sağlayan durumlar nelerdir?|durumlar|
İnsanda, göz merceğinin embriyonik gelişimi ne zaman gerçekleşir?|zaman|
İnsanda, kan kılcal damarlardan geçerken amonyak miktarı nasıl değişir?|değişir|
İnsanda, kan kılcal damarlardan geçerken glikoz miktarı nasıl değişir?|değişir|
İnsanda, kan kılcal damarlardan geçerken hangi olaylar gerçekleşir?|olaylar|
İnsanda, kan kılcal damarlardan geçerken karbon dioksit miktarı nasıl değişir?|değişir|
İnsanda, kan kılcal damarlardan geçerken oksijen miktarı nasıl değişir?|değişir|
İnsanda, kan kılcal damarlardan geçerken üre miktarı nasıl değişir?|değişir|
İnsanda, kan plazmasının ozmotik basıncının artmasının sebebi nedir?|sebebi|
İnsanda, midenin HCL ve sindirim enzimlerinden zarar görmesinin önlenmesi hangi olaylarla gerçekleşir?|olaylarla|
İnsanın iskelet kası dokusunda, uzun süreli egzersizde ADP molekülündeki değişim nasıl olmaktadır?|olmaktadır|
İnsanın iskelet kası dokusunda, uzun süreli egzersizde glikojen molekülündeki değişim nasıl olmaktadır?|olmaktadır|
İnsanın iskelet kası dokusunda, uzun süreli egzersizde inorganik fosfat molekülündeki değişim nasıl olmaktadır?|olmaktadır|
İnsanın iskelet kası dokusunda, uzun süreli egzersizde kreatin fosfat molekülündeki değişim nasıl olmaktadır?|olmaktadır|
İnsanın iskelet kası dokusunda, uzun süreli egzersizde laktik asit molekülündeki değişim nasıl olmaktadır?|olmaktadır|
İnsanın kan dolaşımında, kan basıncı atardamarlarda nasıl değişir?|değişir|
İnsanın kan dolaşımında, kan basıncı kılcal damarlarda nasıl değişir?|değişir|
İnsanın kan dolaşımında, kan basıncı toplardamarlarda nasıl değişir?|değişir|
İnsanın mide sıvısında bulunan yapılar nelerdir?|yapılar|
İnsanlarda dişi üreme sistemi nelerden oluşur?|oluşur|
İnsanlarda döllenme nasıl gerçekleşir?|gerçekleşir|
İnsanlarda kan proteinlerinin görevleri nelerdir?|görevleri|
İnsanlarda karbonmonoksit zehirlenmesi nasıl gerçekleşir?|gerçekleşir|
İnsanlarda, kan basıncının azalmasının sebebi nedir?|sebebi|
İnsanlarda, kan basıncının yükselmesinin sebebi nedir?|sebebi|
İnsanlarda, kan proteinlerinin görevleri nelerdir?|görevleri|
İnsülin salgılanması azalan bir insanda, hücrelere glikoz alımı nasıl değişmektedir?|değişmektedir|
İnsülin salgılanması azalan bir insanda, kandaki glikoz miktarı nasıl değişmektedir?|değişmektedir|
İnsülin salgılanması azalan bir insanda, karaciğerdeki glikoz miktarı nasıl değişmektedir?|değişmektedir|
İş birliğine dayalı davranışlar nelerdir?|davranışlar|
İstem dışı tepki olarak adlandırılan refleksler nelerdir?|refleksler|
İtai itai hastalığı nedir?|itai itai hastalığı|
İzlenim yoluyla edinilmiş davranışlar nelerdir?|davranışlar|
K vitamini eksikliğinde ortaya çıkabilecek hastalıklar nelerdir?|hastalıklar|
K vitaminin görevi nedir?|görevi|
Kaktüs bitkisinde yer alan parankima hücrelerinin görevi nedir?|görevi|
Kalın kütikula tabakası hangi bitkilerde bulunur?|bitkilerde|
Kalıtımda ayrılma kuralı nasıl ortaya çıkmıştır?|ortaya çıkmıştır|
Kalıtımda bağımsız açılım kuralı nedir?|bağımsız açılım kuralı|
Kalıtımda eksik baskınlık durumunda neler gözlenir?|gözlenir|
Kalıtımda eksik baskınlık nedir?|eksik baskınlık|
Kalıtımda eş baskınlık durumunda neler gözlenir?|gözlenir|
Kalıtımda eş baskınlık nedir?|eş baskınlık|
Kalıtımın kromozom teorisi nedir?|kromozom teorisi|
Kalıtsal çeşitliliği en az sağlayan çoğalma biçimleri nelerdir?|çoğalma biçimleri|
Kalıtsal karakterler hangi genler tarafından kontrol edilmektedir?|genler|
Kalıtsal refleks davranışları nelerdir?|davranışları|
Kalıtsal varyasyonların evrimleşme hızına etkisi nedir?|etkisi|
Kalıtsal varyasyonların sebepleri nelerdir?|sebepleri|
Kalp kapakçıkları kanın akış yönünü nasıl düzenler?|düzenler|
Kalp kasının özellikleri nelerdir?|özellikleri|
Kalpten çıkan bazı damarların çapının daha büyük olmasının sebebi nedir?|sebebi|
Kalsiyum mineralinin görevi nedir?|görevi|
Kan basıncını etkileyen faktörler nelerdir?|faktörler|
Kan grubunun homozigot mu yoksa heterozigot mu olduğuna nasıl karar verilir?|karar verilir|
Kan gruplarının kalıtımında cinsiyetin önemi nedir?|önemi|
Kan üretimini gerçekleştiren yapılar nelerdir?|yapılar|
Kanda solunum gazları hangi yollarla taşınır?|yollarla|
Kandaki karbon dioksit, dokulardan alveollere nasıl taşınır?|taşınır|
Kapalı tohumlu bitkilerde üreme nasıl gerçekleşir?|gerçekleşir|
Kapalı tohumlu bitkilere örnekler nelerdir?|örnekler|
Kapalı tohumlu bitkilerin özellikleri nelerdir?|özellikleri|
Kapalı tohumlu diploit bir bitkide hangi olaylar mitozla gerçekleşir?|olaylar|
Karasal bitkilerde tozlaşma nasıl gerçekleşmektedir?|gerçekleşmektedir|
Karasal biyomlara hangileridir?|karasal biyomlar|
Karasal biyomların özellikleri nelerdir?|özellikleri|
Karasal böceklerde vücudun su dengesini sağlayan durumlar nelerdir?|durumlar|
Karayosunu bitkisine ait özellikler nelerdir?|özellikler|
Karbon döngüsü nasıl olmaktadır?|olmaktadır|
Karbon döngüsünde karbon kaynakları ne olabilir?|olabilir|
Karbondioksit salınımını azaltmak için neler yapılabilir?|yapılabilir|
Karbonhidrat çeşitlerinden hangileri dehidrasyon sentezi sonucu oluşur?|karbonhidrat çeşitlerinden|
Karbonhidrat çeşitlerinden hangilernin yapısında glikozit bağı bulunmaz?|karbonhidrat çeşitlerinden|
Karbonhidratların görevleri nelerdir?|görevleri|
Karbonhidratların sindirilmesi sonucu oluşan ürünlerin özellikleri nelerdir?|özellikleri|
Karbonhidratların sindirimi, sindirim kanalının hangi bölümlerinde gerçekleşir?|bölümlerinde|
Karıncık ve kulakcıklardaki duvar kalınlıklarının farklı olmasının nedeni nedir?|nedeni|
Karışım hipotezi nedir?|karışım hipotezi|
Karyotip ne demektir?|demektir|
Kasılma sırasında kayan iplikler hipotezine göre hangi durumlar gerçekleşir?|durumlar|
Kasılma sırasında kayan iplikler hipotezine göre hangi durumlar gerçekleşmez?|durumlar|
Kavak, ceviz gibi ağaçlarda su ve minerallerin kökten yapraklara kadar taşınması hangi yollarla gerçekleşir?|yollarla|
Kavrama yoluyla edinilmiş davranışlar nelerdir?|davranışlar|
Kavrama yoluyla öğrenilen davranışlar nelerdir?|davranışlar|
Kayan iplikçikler modeline göre gevşeme sırasında hangi olaylar gözlenir?|olaylar|
Kayan iplikçikler modeline göre kasılma sırasında hangi olaylar gözlenir?|olaylar|
Kazık köke sahip bitkiler nelerdir?|bitkiler|
Kemiğin beslenmesini sağlayan yapılar nelerdir?|yapılar|
Kemiğin enine büyümesini sağlayan yapılar nelerdir?|yapılar|
Kemiğin onarımını sağlayan yapılar nelerdir?|yapılar|
Kemikte bulunan kan damarlarının ve sinirlerin geçtiği yapılar nelerdir?|yapılar|
Kemoototrof canlılar ne ile beslenir?|beslenir|
Kemoototrof canlılara örnekler nelerdir?|örnekler|
Kendileştirme ne demektir?|demektir|
Keseli memelilere ait olan özellikler nelerdir?|özellikler|
Kılcal damarlar ile doku sıvısı arasında madde alış verişini sağlayan faktörler nelerdir?|faktörler|
Kılcal damarlardaki kan basıncının atar damarlardan düşük olmasının nedeni nedir?|nedeni|
Kimyasal sindirimin süresi nelere bağlıdır?|bağlıdır|
Kimyasl sindirim ne demektir?|demektir|
Kısa gün bitkileri hangileridir?|kısa gün bitkileri|
Kiyazma nedir?|kiyazma|
Klinefelter sendromuna sahip bireylerin fenotipi nasıldır?|fenotipi|
Klinefelter sendromuna sahip bireylerin fiziksel görünüşleri nasıldır?|görünüşleri|fiziksel
Klinefelter sendromuna sahip bireylerin genotipi nasıldır?|genotipi|
Kloroplastlar birkinin neresinde bulunurlar?|bulunurlar|
Kloroplastların görevi nedir?|görevi|
Kofulun görevi nedir?|görevi|
Kök hücrelerindeki ozmotik basınç, toprak sıvısındakine göre az olduğu zaman hangi olaylar gerçekleşir?|olaylar|
Kökte mikoriza oluşumunun bitkiye sağladığı yararlar nelerdir?|yararlar|
Kollenkima hücreleri bitkinin hangi kısımlarında bulunur?|kısımlarında|
Kollenkima hücrelerinin görevleri nelerdir?|görevleri|
Kommensalist bir ortamda zamanla birey nasıl değişir?|değişir|
Komünite nedir?|komünite|
Komünite nedir?|komünite|
Komüniteye etki eden faktörler nelerdir?|faktörler|
Kömür gibi toprak altı fosilleri doğadaki hangi madde döngüsünü etkiler?|madde döngüsünü|
Konjugasyon nedir?|konjugasyon|
Konjugasyonun bakteriler açısından önemi nedir?|önemi|
Kontrol çaprazlaması nasıl yapılır?|yapılır|
Kontrol çaprazlaması nedir?|kontrol çaprazlaması|
Kromatit nedir?|kromatit|
Kromoplastlar bitkinin neresinde bulunurlar?|bulunurlar|
Kromoplastların görevi nedir?|görevi|
Kromozom mutasyonları nedir?|kromozom mutasyonları|
Kromozomların belirgin olarak görüldüğü evre hangi evredir?|evre|
Kromozomun sayısında gerçekleşen değişiklikler nelerdir?|değişiklikler|
Kromozomun yapısında gerçeklen değişiklikler nelerdir?|değişiklikler|
Ksilem dokunun bitkiye sağladığı yararlar nelerdir?|yararlar|
Küçük kan dolaşımı nedir?|küçük kan dolaşımı|
Küf mantarlarının görevi nedir?|görevi|
Kurak bölge bitkilerinde stomaların çoğunlukla yaprağın alt epidermisinde bulunmasının nedeni nedir?|nedeni|
Kuraklık nedir?|kuraklık|
Kural olarak genetik çeşitliliği artıran olaylar nelerdir?|olaylar|
Küresel ekosistem nedir?|küresel ekosistem|
Küresel iklim değişikliği nedir?|küresel iklim değişikliği|
Küresel iklim değişiklikleri ne demektir?|demektir|
Kuş ve sürüngenlerde embriyonun gaz alışveriişini sağlayan yapılar nelerdir?|yapılar|
Kuşlarda bulunan hava keselerinin görevleri nelerdir?|görevleri|
Kuşlarda izlenim yoluyla öğrenme nasıl gerçekleşir?|gerçekleşir|
Kuşların uçmasına doğrudan katkısı olan adaptasyonlar nelerdir?|adaptasyonlar|
Küstüm otu bitkisine dokunulduğunda yapraklarını kapatmasının sebebi nedir?|sebebi|
Kütikula tabakası bitkiye ne yarar sağlar?|yarar sağlar|
Lalelerin yapraklarının farklı sıcaklıklarda açılıp kapanmasının sebebi nedir?|sebebi|
Lamarck'ın görüşlerinin evrim araştırmalarına katkısı nasıl olmuştur?|olmuştur|
Lenf damarlarındaki lenf sıvısının hareketini etkileyen faktörler nelerdir?|faktörler|
Lenf dolaşımının görevleri nelerdir?|görevleri|
Lenf sıvısı ile kan sıvısı arasındaki farklılıklar nelerdir?|farklılıklar|
Lenf sıvısında hangi moleküller bulunur?|moleküller|
Lizozomun görevi nedir?|görevi|
Lökoplastların görevi nedir?|görevi|
Magnezyum eksikliğinde bitki hücrelerinde ne gerçekleşir?|gerçekleşir|
Mantar kambiyumu hangi bitkilerde bulunur?|bitkilerde|
Mantar kambiyumunun görevi nedir?|görevi|
Mantarın insan ve diğer organizmalar için faydaları nelerdir?|faydaları|
Mantarın insan ve diğer organizmalar için zararları nelerdir?|zararları|
Mantarlar hangi amaçlarla kullanılır?|amaçlarla|
Mantarlar neden önemlidir?|önemlidir|
Mantarlarda bulunan hiflerin görevi nedir?|görevi|
Mantarlarda üreme nasıl gerçekleşir?|gerçekleşir|
Mantarların ekosisteme katkısı nedir?|katkısı|
Mantarların yapısında neler bulunur?|bulunur|
Mantarların yapısında neler bulunur?|bulunur|
Mayoz bölünme hangi özelliği ile mitoz bölünmeye benzer?|özelliği|
Mayoz bölünme ile mitoz bölünme arasındaki farklar nelerdir?|farklar|
Mayoz bölünme nedir?|mayoz bölünme|
Mayoz bölünmede çeşitliliği sağlayan olaylar nelerdir?|olaylar|
Mayoz bölünmede gerçekleşen aşamalar nelerdir?|aşamalar|
Mayoz bölünmede tetrat denilen yapı ne zaman oluşur?|zaman|
Mayoz bölünmenin interfaz evresinde ne gerçekleşir?|gerçekleşir|
Mayoz I bölünmesinin anafaz aşamasında gerçekleşen olaylar nelerdir?|olaylar|
Mayoz I bölünmesinin metafaz aşamasında gerçekleşen olaylar nelerdir?|olaylar|
Mayoz I bölünmesinin profaz aşamasında gerçekleşen olaylar nelerdir?|olaylar|
Mayoz I bölünmesinin telofaz aşamasında gerçekleşen olaylar nelerdir?|olaylar|
Mayoz I ve Mayoz II de gerçekleşen ortak olaylar nelerdir?|olaylar|ortak
Mayoz II bölünmesi nasıl gerçekleşir?|gerçekleşir|
Mayoz II sonunda oluşan her bir hücrenin DNA miktarı ne olur?|olur|
Mayoz ve mitoz bölünme arasındaki farklar nelerdir?|farklar|
Mayozda iki kez gerçekleşen olaylar nelerdir?|olaylar|
Mekanik sindirim ne demektir?|demektir|
Melezleme nedir?|melezleme|
Memelilerde hayvanların nefronlarında Henle kulpu daha kısa olsaydı ne gibi olaylar gözlenirdi?|olaylar|
Memelilerde hayvanların nefronlarında Henle kulpunun uzun olmasının sebebi nedir?|sebebi|
Memelilerde, atardamarları toplardamarlara bağlayan kılcal damarlar boyunca, kan basıncı azamayıp sabit kalsaydı hangi durumlar gerçekleşirdi?|durumlar|
Memelileri diğer omurgalılardan ayıran özellikler nelerdir?|özellikler|
Memelilerin sıcak kanlı canlı olmasının nedeni nedir?|nedeni|
Memelilerin ve kuşların solunum organları arasındaki farklılıklar nelerdir?|farklılıklar|
Mendel kalıtımı hangi kalıtım çeşitlerini açıklayamaz?|kalıtım çeşitlerini|
Mendel'in kalıtımla ilgili geliştirdiği ilkeler nelerdir?|ilkeler|
Menstrual döngü boyunca yumurtalıkta meydana gelen değişiklikler nelerdir?|değişiklikler|
Menstrual döngü nedir?|menstrual döngü|
Menstrual döngüde yumurtalıkta kaç evre gerçekleşir?|evre|
Menstrual döngünün foliküler evresinde ne gerçekleşir?|gerçekleşir|
Menstrual döngünün korpus luteum evresinde ne gerçekleşir?|gerçekleşir|
Menstrual döngünün menstruasyon evresinde ne gerçekleşir?|gerçekleşir|
Menstrual döngünün ovulasyon evresinde ne gerçekleşir?|gerçekleşir|
Meristem dokunun görevi nedir?|görevi|
Meristem dokunun özellikleri nelerdir?|özellikleri|
Meyvenin olgunlaşmasında etkili olan hormonlar nelerdir?|hormonlar|
Mide özsuyunun içeriğinde neler bulunur?|bulunur|
Mikoriza nedir? |mikoriza|
Mikroskopta inceleme nasıl yapılır?|yapılır|
Mimikri nedir?|mimikri|
Minerallerin görevi nedir?|görevi|
Minimum yasası nedir?|minimum yasası|
Mitokondrinin görevi nedir?|görevi|
Mitoz bölünme hangi aşamalardan oluşmaktadır?|aşamalardan|
Mitoz bölünme ile mayoz I bölünmesinin ortak özellikleri nelerdir?|özellikleri|ortak
Mitoz bölünme nedir?|mitoz bölünme|
Mitoz bölünmenin anafaz evresinde gerçekleşen olaylar nelerdir?|olaylar|
Mitoz bölünmenin evrimleşme hızına etkisi nedir?|etkisi|
Mitoz bölünmenin interfaz evresinde ne gerçekleşir?|gerçekleşir|
Mitoz bölünmenin metafaz evresinde gerçekleşen olaylar nelerdir?|olaylar|
Mitoz bölünmenin mitotik evresinde ne gerçekleşir?|gerçekleşir|
Mitoz bölünmenin profaz evresinde gerçekleşen olaylar nelerdir?|olaylar|
Mitoz bölünmenin sitoplazma bölünmesi kısmı bitki hücrelerinde nasıl gerçekleşir?|gerçekleşir|
Mitoz bölünmenin telofaz evresinde gerçekleşen olaylar nelerdir?|olaylar|
Modern genetik uygulamalarında kullanılan yöntemlere örnekler nelerdir?|örnekler|
Modifikasyonun evrimleşme hızına etkisi nedir?|etkisi|
Monohibrit bireylerde görülen özellik nedir?|özellik|
Monohibrit çaprazlama nedir?|monohibrit çaprazlama|
Morula nedir?|morula|
Mutasyonlar genetik çeşitliliği nasıl etkiler?|etkiler|
Mutasyonların oluşuma sebep olan faktörler nelerdir?|faktörler|
Mutualist bir ortamda zamanla birey sayısı nasıl değişir?|değişir|
Mutualist yaşayan hayvanlara örnekler nelerdir?|örnekler|
Nefronların işlevlerinden biri olan salgılamanın önemi nedir?|önemi|
Nesli tehlikede olan türler nelerdir?|türler|
Nitrifikasyon olayı nedir?|nitrifikasyon olayı|
Nokta mutasyonu nedir?|nokta mutasyonu|
Normal bir insanda doku sıvısının artmasının sebebi nedir?|sebebi|
Normal bir insanda, doku sıvısının miktarının artmasından sonra yeniden düzenlenmesini sağlayan durumlar nelerdir?|durumlar|
Normal bir insanda, kemiklerin sertleşmesi hangi maddelerin artması sonucu oluşur?|maddelerin|
Nöronlara desteklik veren ve nöronların beslenmesini sağlayan hücreler nelerdir?|hücreler|
Nötr gün bitkileri hangileridir?|nötr gün bitkileri|
Nükleer enerji nedir?|nükleer enerji|
Nükleer santral nedir?|nükleer santral|
Nükleik asitlerin görevleri nelerdir?|görevleri|
Nükleotitin yapısında neler bulunur?|bulunur|
Odada oksijen bulunmasına rağmen insanların sobadan sızan karbon monoksit gazından zehirlenmelerinin nedeni nedir?|nedeni|
Odunsu bitkilerde suyun köklerden yaprağa taşınmasında etkili olan faktörler nelerdir?|faktörler|
Odunsu bitkilerin gövde yapısı nasıldır?|gövde yapısı|
Öğrenilmiş davranış nedir?|öğrenilmiş davranış|
Ökaryot hücrelerde bulunan organeller nelerdir?|organeller|
Ökaryot hücrelerin özellikleri nelerdir?|özellikleri|
Ökaryotik hücrelerde, hücre bölünmesi nasıl gerçekleşir?|gerçekleşir|
Oksijen yetersizliğinde ATP üretebilecek kaslar hangileridir?|kaslar|
Oksijenin kanla taşınması nasıl gerçekleşir?|gerçekleşir|
Oksijenin tohumun çimlenmesine etkisi nedir?|etkisi|
Oksin hormonun bitkilerin büyümesine etkileri nelerdir?|etkileri|
Okyanus akıntıları biyomların yeryüzündeki dağılışını nasıl etkiler?|etkiler|
Okyanuslardaki sirkülasyon, kabukluların küresel boyuttaki dağılımını nasıl etkiler?|etkiler|
Omurgasız hayvanlar hangileridir?|hayvanlar|omurgasız
Oogenez nedir?|oogenez|
Oogenez nerede gerçekleşir?|gerçekleşir|
Oogenez sonucunda kaç tane işlevsel hücre oluşur?|hücre|işlevsel
Organizmaların yeryüzündeki dağılımını etkileyen faktörler nelerdir?|faktörler|
Organogenez nedir?|organogenez|
Ormanların ekosistem olarak değerini kaybetmesine neden olan durumlar nelerdir?|durumlar|
Ormanların görevleri nelerdir?|görevleri|
Orta kulakta bulunan yapılar nelerdir?|yapılar|
Osmotik basıncın artmasının sebebi nedir?|sebebi|
Osmoz nedir?|osmoz|
Östron ve progesteron hormonlarının görevleri nelerdir?|görevleri|
Otçul memelilerin bağırsaklarının etçil memelilere göre daha uzun olmasının avantajı nedir?|avantajı|
Otçul ve etçilllerin diş yapılarındaki farklılıkların nedeni nedir?|nedeni|
Ototrof canlılar ne ile beslenir?|beslenir|
Ötrofikasyon nedir?|ötrofikasyon|
Otsu bitkilerin gövde yapısı nasıldır?|gövde yapısı|
Oynar eklemler hangileridir?|oynar eklemler|
Ozmotik basınç ile emme kuvveti arasındaki ilişki nedir?|ilişki|
Ozon tabakasının varlığı canlılara nasıl bir yarar sağlamaktadır?|yarar sağlamaktadır|
Pankreas özsuyunun içeriğinde neler bulunur?|bulunur|
Pankreasın salgıladığı hormonlar nelerdir?|hormonlar|
Paralel damarlanma gösteren bitkiler nelerdir?|bitkiler|
Parankima hücrelerinin görevleri nelerdir?|görevleri|
Parankima hücrelerinin özellikleri nelerdir?|özellikleri|
Parazit yaşam birliği olan bir ortamda zamanla birey sayısı nasıl değişir?|değişir|
Partenogenez nedir?|partenogenez|
Partenogenezle üreyen canlılar nelerdir?|canlılar|
pH değeri organizma için neden önemlidir?|önemlidir|
Plankton nedir?|plankton|
Plasentanın görevleri nelerdir?|görevleri|
Polisakkarit çeşitlerinden hangileri yapı maddesi olarak kullanılır?|polisakkarit çeşitlerinden|
Popülasyon büyümesini etkileyen faktörler nelerdir?|faktörler|
Popülasyon nedir?|popülasyon|
Popülasyonların gen havuzlarındaki değişim ne zaman gerçekleşir?|zaman|
Popülasyonun büyüklüğü ne zaman dengelenir?|zaman|
Progesteron hormonunun görevi nedir?|görevi|
Prokaryot hücrelerde bulunan organeller nelerdir?|organeller|
Prokaryot hücrelerinin en belirgin özelliği nedir?|özelliği|en belirgin
Prokaryot ve ökaryot hücrelerde ortak yapılar nelerdir?|yapılar|ortak
Prokaryotik hücrelerde, hücre bölünmesi nasıl gerçekleşir?|gerçekleşir|
Protein sentezinde DNA'dan başlayan bilgi akışı nasıl oluşturulmaktadır?|oluşturulmaktadır|
Proteinlerin görevleri nelerdir?|görevleri|
Proteinlerin sindirimi nasıl gerçekleşir?|gerçekleşir|
Proteinlerin sindirimi sindirim kanalının hangi bölümlerinde gerçekleşir?|bölümlerinde|
Protista alemine ait canlılar nelerdir?|canlılar|
Protistalar organizmların hayatlarını nasıl etkiler?|etkiler|
Protistlerin insanlar açısından tehlikeli olan türleri hangileridir?|türleri|
Protistlerin özellikleri nelerdir?|özellikleri|
Protozoon nedir?|protozoon|
Protozoonların bitkilere benzer özellikleri nedir?|özellikleri|
Protozoonların hayvanlara benzer özellikleri nelerdir?|özellikleri|benzer
Protozoonların özellikleri nelerdir?|özellikleri|
Protrombinin trombine dönüşmesini sağlayan pıhtılaşma faktörleri nelerdir?|pıhtılaşma faktörleri|
Punnett karesi yöntemi ne için kullanılır?|kullanılır|
Radyasyon nedir?|radyasyon|
Radyasyon sonucu oluşabilecek kanser türleri nedir?|kanser türleri|
Radyasyondan nasıl korunabiliriz?|korunabiliriz|
Radyasyonun canlılar üzerindeki etkileri nelerdir?|etkileri|
Radyoaktif madde nedir?|radyoaktif madde|
Rejenerasyonla üreme hangi canlılarda görülür?|canlılarda|
Rejenerasyonla üreme nasıl gerçekleşir?|gerçekleşir|
Rejenerasyonla üremenin evrimleşme hızına etkisi nedir?|etkisi|
Renk körü olan bir babayla normal bir anneden doğacak çocukların genotipleri nasıldır?|genotipleri|
Renkli görmemizi sağlayan yapılar nelerdir?|yapılar|
Ribozomun görevi nedir?|görevi|
RNA çeşitlerinin tümünde olan ortak özellikler nelerdir?|özellikler|ortak
RNA molekülünün görevi nedir?|görevi|
RNA'nın yapısında hangi moleküller bulunur?|moleküller|
Rüzgarın bitki ve hayvanların yeryüzündeki dağılımına etkisi nedir?|etkisi|
Rüzgarla tozlaşan bitkilerde tozlaşma sırasında hangi olaylar gözlenmez?|olaylar|
Saçak köke sahip bitkiler nelerdir?|bitkiler|
Sadece bitkilerin hücre bölünmesinde görülen olay nedir?|olay|
Sadece erkek bireylerde görülen kalıtsal hastalıklar hangileridir?|hastalıklar|
Safranın görevleri nedir?|görevleri|
Sağlıklı bir insanda idrar miktarının artmasına sebep olan durumlar ne olabilir?|olabilir|
Sağlıklı bir insanda vücudun su içeriğinin kontrolünü hangi organlar yapar?|organlar|
Sağlıklı bir insanda yumurtalıklardan salgılanan hormonlar nelerdir?|hormonlar|
Sağlıklı bir insanın kan serumunda hangi moleküller bulunur?|moleküller|
Sağlıklı bir insanın nefronlarında gerçekleşen olaylar nelerdir?|olaylar|
Şartlanma yoluyla edinilmiş davranışlar nelerdir?|davranışlar|
Savan ne demektir?|demektir|
Segmentasyon nedir?|segmentasyon|
Segmentasyon nedir?|segmentasyon|
Segmentasyon sonucu oluşan hücrelerin görevi nedir?|görevi|
Şeker metabolizmasını düzenleyen hormonlar nelerdir?|hormonlar|
Sempatik sinir sistemi nedir?|sempatik sinir sistemi|
Sentrozom hangi hücrelerde bulunmaz?|hücrelerde|
Sentrozomun görevi nedir?|görevi|
Sera etkisi nasıl oluşur?|oluşur|
Sera etkisi ne zaman oluşur?|zaman|
Sıcak ve kuru bir ortamda bulunan ve yetrli miktarda su alamayan bir insanın vücudunda ne gibi durumlar oluşur?|durumlar|
Sıcaklığın bitki ve hayvanların yeryüzündeki dağılımına etkisi nedir?|etkisi|
Sıcaklığın değişmesiyle meydana gelen modifikasyon türleri nelerdir?|türleri|modifikasyon
Sıcaklığın tohumun çimlenmesine etkisi nedir?|etkisi|
Sıkılan parfümün kokusu nasıl algılanır?|algılanır|
Simbiyoz ne demektir?|demektir|
Sindirimin amacı nedir?|amacı|
Sınıflandırma birimleri nelerdir?|sınıflandırma birimleri|
Sınıflandırma birimlerinde türden aleme gidildikçe hangi değişiklikler gözlenir?|değişiklikler|
Sınıflandırmada temel birim olarak neden tür kabul edilmiştir?|kabul edilmiştir|
Sinoviyal sıvı hangi eklemlerde bulunur?|eklemlerde|
Sıtma hastalığı hangi yollarla bulaşır?|yollarla|
Sıtma nasıl bir hastalıktır?|hastalıktır|
Sitokinez nedir?|sitokinez|
Sitokinin hormonunun bitkilerin büyümesine etkileri nelerdir?|etkileri|
Sitoplazma içerisinde bulunan endoplazmik retikulumun görevi nedir?|görevi|
Sitoplazma içerisinde bulunan Golgi cisimciğinin görevi nedir?|görevi|
Sklerenkima hücrelerinin görevi nedir?|görevi|
Soluk alıp verme hızını etkileyen faktörler nelerdir?|faktörler|
Soluk alma sırasında akciğerde nasıl bir değişim gözlenir?|değişim|
Soluk alma sırasında diyaframda nasıl bir değişim gözlenir?|değişim|
Soluk verme sırasında akciğerde nasıl bir değişim gözlenir?|değişim|
Soluk verme sırasında diyaframda nasıl bir değişim gözlenir?|değişim|
Soluk vermenin homeostasiye etkisi nedir?|etkisi|
Solungaçların özellikleri nelerdir?|özellikleri|
Solunum pigmentleri nelerdir?|solunum pigmentleri|
Solunum pigmentlerinin görevleri nelerdir?|görevleri|
Sonbahar odununun koyu renkli halkalar şeklinde görülmesinin nedeni nedir?|nedeni|
Sonradan kazanılan davranışlar hangileridir?|davranışlar|
Sonradan kazanılan pasif bağışıklık örnekleri nelerdir?|örnekleri|
Sosyal davranış nedir?|sosyal davranış|
Soyağacı analizi nasıl yapılmaktadır?|yapılmaktadır|
Soyağacı oluşturulurken kullanılan semboller nelerdir?|semboller|
Sperm hücresinin yapısı nasıldır?|yapısı|
Spermatogenez nedir?|spermatogenez|
Spor ve tohum arasındaki farklar nelerdir?|farklar|
Sporla üreme hangi canlılarda görülür?|canlılarda|
Sporla üreme nasıl gerçekleşir?|gerçekleşir|
Sporofit nedir?|sporofit|
Su döngüsünün basamakları nedir?|basamakları|
Su kirliliğine sebep olan faktörler nelerdir?|faktörler|
Su kirliliğini durdurmak için neler yapılabilir?|yapılabilir|
Su ve pH canlıların çeşitliliğini nasıl etkiler?|etkiler|
Su yosunları ve mantarlar nasıl bir ortak yaşama sahiptir?|yaşama|ortak
Sucul biyomlar hangileridir?|sucul biyomlar|
Sucul biyomlarda yaşayan canlıların dağılımını etkileyen faktörler nelerdir?|faktörler|
Suda çözünen vitaminlerin özellikleri nelerdir?|özellikleri|
Süksesyon ne demektir?|demektir|
Sulak alanların çevreye etkisi nedir?|etkisi|
Süper dişi sendromuna sahip bireylerin fenotipi nasıldır?|fenotipi|
Süper dişi sendromuna sahip bireylerin fiziksel görünüşleri nasıldır?|görünüşleri|fiziksel
Süper dişi sendromuna sahip bireylerin genotipi nasıldır?|genotipi|
Sürdürülebilirlik ne demektir?|demektir|
Suyun bitki ve hayvanların yeryüzündeki dağılımına etkisi nedir?|etkisi|
Suyun yapısı nasıldır?|suyun yapısı|
Taç yaprağın görevi nedir?|görevi|
Taksonomi nedir?|taksonomi|
Tansiyonu ölçülecek olan kişinin kolunun konumunun, kalbin hizasında ve yere paralel olarak tutulmasının sebebi ne olabilir?|olabilir|
Tatlı su balığı tuzlu suda neden yaşayamaz?|yaşayamaz|
Tek çenekli bitkilerin damar yaspısı nasıldır?|damar yapısı|
Tek çenekli bitkilerin gövde yapısı nasıldır?|gövde yapısı|
Temel dokuda bulunan hücreler nelerdir?|hücreler|
Teori ve kanun arasındaki fark nedir?|fark|
Terlemenin homeostasiye etkisi nedir?|etkisi|
Testislerin vücut dışında olmasının nedeni nedir?|nedeni|
Testosteron hormonu erkeklerde ne gibi değişikliklere yol açar?|değişikliklere|
Tiroit bezinin hormon salgısı azalırsa hangi sağlık sorunlarıyla karşılaşılır?|sağlık sorunlarıyla|
Tohum hangi kısımlardan oluşmaktadır?|kısımlardan|
Tohumlar nasıl uzun süre saklanır?|uzun süre|
Tohumlu bitkilerin temel kısımları nelerdir?|kısımları|temel
Tohumsuz bitkilerde üreme nasıl gerçekleşir?|gerçekleşir|
Tohumun yapısında neler bulunur?|bulunur|
Tomurcuklanarak üreme hangi canlılarda görülür?|canlılarda|
Tomurcuklanarak üreme nasıl gerçekleşir?|gerçekleşir|
Tomurcuklanma hangi üreme çeşidine örnektir?|üreme çeşidine|
Toprağın bitki ve hayvanların yeryüzündeki dağılımına etkisi nedir?|etkisi|
Toprağın sürdürülebilirliğinin sağlanması için neler yapılabilir?|yapılabilir|
Toprak kirliliği nedir?|toprak kirliliği|
Toprak kirliliğine sebep olan faktörler nelerdir?|faktörler|
Toprak kirliliğini durdurmak için neler yapılabilir?|yapılabilir|
Tozlaşmada görevli olan bitki kısımları nelerdir?|bitki kısımları|
Transdüksiyon nedir?|transdüksiyon|
Transformasyon nedir?|transformasyon|
Tükenebilen doğal kaynaklara örnekler nelerdir?|örnekler|
Tükenmeyen doğal kaynaklara örnekler nelerdir?|örnekler|
Tükürüğün görevleri nelerdir?|görevleri|
Tür içerisinde genetik çeşitliliğin azalması türün devamlılığını nasıl etkiler?|etkiler|
Tür içi rekabeti etkileyen faktörler nelerdir?|faktörler|
Türkiye'nin biyolojik çeşitlilik açısından zengin olmasının nedenleri nelerdir?|nedenleri|
Türler arası rekabet nedir?|türler arası rekabet|
Turner sendromuna sahip bireylerin fenotipi nasıldır?|fenotipi|
Turner sendromuna sahip bireylerin fiziksel görünüşleri nasıldır?|görünüşleri|fiziksel
Turner sendromuna sahip bireylerin genotipi nasıldır?|genotipi|
Turuncu alarm nedir?|turuncu alarm|
Tuz oranı yüksek olan sularda yaşayan balıkların böbreklerinde, glomerulusun fazla gelişmemesinin sebebi nedir?|sebebi|
Tuzlu suda yaşayan balıklarda su kaybını önlemek için hangi yapısal adaptasyonlar gelişmiştir?|adaptasyonlar|yapısal
Üreme hücrelerinin oluşturulmasında mayoz yerine mitoz bölünme gerçekleşseydi neler olabilirdi?|olabilirdi|
Üreticilerin fideleri seyrek dikmelerinin nedeni nedir?|nedeni|
Uterusu etkileyen hormonlar nelerdir?|hormonlar|
Uyartı iletimi sırasında sinir hücresinde gerçekleşen depolarizasyon olayı nasıl gerçekleşir?|gerçekleşir|
Uyartı iletimi sırasında sinir hücresinde gerçekleşen polarizasyon olayı nasıl gerçekleşir?|gerçekleşir|
Uyartı iletimi sırasında sinir hücresinde gerçekleşen repolarizasyon olayı nasıl gerçekleşir?|gerçekleşir|
Uzun gövdeli ağaçlarda suyun iletimi nasıl gerçekleşmektedir?|gerçekleşmektedir|
Uzun gün bitkileri hangileridir?|uzun gün bitkileri|
Varlıkları canlı olarak nitelendirebilmek için hangi özelliklerin onlarda bulunması gerekir?|özelliklerin|
Vasopressin ( ADH) hormonunun salgılanmasını uyaran durumlar nelerdir?|durumlar|
Vejetatif çekirdeğin polen oluşumuna etkisi nedir?|etkisi|
Vejetatif üreme hangi canlılarda görülür?|canlılarda|
Vejetatif üreme nasıl gerçekleşir?|gerçekleşir|
Vejetatif üremenin evrimleşme hızına etkisi nedir?|etkisi|
Villus ve mikrovillusların sindirim sistemine sağladığı yarar nedir?|yarar|
Virüs nedir?|virüs|
Virüslerin neden olduğu hastalıklar nelerdir?|hastalıklar|
Virüslerin zorunlu hücre içi parazit olmasının nedeni nedir?|nedeni|
Vitaminlerin görevleri nelerdir?|görevleri|
Vitellus kesesi ne işe yarar?|işe yarar|
Vücut sıcaklığının kontrolünde hangi sistemler rol oynar?|sistemler|
Vücutta dengenin sağlanmasında görev alan yapılar nelerdir?|yapılar|
Vücutta özel savunma (antijen-antikor reaksiyonu) hangi durumlarda gerçekleşir?|durumlarda|
X kromozomuna bağlı çekinik genlerle kalıtılan hastalıklar nelerdir?|hastalıklar|
X kromozomundaki genlerle kalıtılan eşeye bağlı karakterler nelerdir?|karakterler|
Y kromozomu ile kalıtılan hastalıklar hangileridir?|hastalıklar|
Y kromozomundaki genlerle kalıtılan eşeye bağlı karakterler nelerdir?|karakterler|
Yağda çözünen vitaminlerin özellikleri nelerdir?|özellikleri|
Yağların görevleri nelerdir?|görevleri|
Yağların sindirimi nasıl gerçekleşir?|gerçekleşir|
Yağların sindirimi sindirim kanalının hangi bölümlerinde gerçekleşir?|bölümlerinde|
Yağmurlu havalarda solucanların toprak üstüne çıkmasının sebebi nedir?|sebebi|
Yapay döllenmenin hayvan ıslahındaki önemi nedir?|önemi|
Yapay kirleticiler nelerdir?|yapay kirleticiler|
Yapay seleksiyon örnekleri nelerdir?|örnekleri|
Yaprak döken bir ağacın gövdesine bir çivi çaksak, 10 yıl sonra ağacın gövdesinde hangi durumlar gözlenir?|durumlar|
Yapraklarda bulunan stomaların görevleri nelerdir?|görevleri|
Yaşamlarında hiyerarşik düzen olmayan hayvan toplulukları hangileridir?|hayvan toplulukları|
Yassı solucanlar nasıl hareket ederler?|hareket ederler|
Yenilenebilir doğal kaynaklar hangileridir?|doğal kaynaklar|yenilenebilir
Yerküre üzerindeki milyonlarca farklı canlının çeşitliliği nasıl sağlanmaktadır?|sağlanmaktadır|
Yeryüzündeki su miktarını arttıran olaylar nelerdir?|olaylar|
Yoğun bir egzersiz sonucu insandaki soluk alıp verme hızı nasıl değişir?|değişir|
Yoğun bir egzersiz sonucu insanın hücrelerindeki ADP miktarı nasıl değişir?|değişir|
Yoğun bir egzersiz sonucu insanın kanındaki karbon dioksit miktarı nasıl değişir?|değişir|
Yoğun bir egzersiz sonucu insanın kanındaki oksijen miktarı nasıl değişir?|değişir|
Yoğun bir egzersiz sonucu, insanın kanındaki pH seviyesi nasıl değişir?|değişir|
Yorulan bir kasta hangi durumlar gözlenir?|durumlar|
Yüksek dozda glikoz verilen sağlıklı bir insanın kanındaki glikoz miktarı nasıl değişir?|değişir|
Yükseltiler karasal biyomlara nasıl etki eder?|etki eder|
Yumurta hücresinin yapısı nasıldır?|yapısı|
Yumurta ve sperm oluşumu hangi bölünme ile sağlanır?|bölünme|
Yuvarlak solucanların yapısı nasıldır?|yapısı|
Zigot segmentasyon aşamlarından blastula evresinde ne gerçekleşir?|gerçekleşir|
Zigot segmentasyon aşamlarından gastrula evresinde ne gerçekleşir?|gerçekleşir|
Zigotun segmentasyon aşamaları nelerdir?|segmentasyon aşamaları|
Zooplankton nedir?|zooplankton|
