Geography Open-Ended Questions||
Question|Focus|Mod
1950'den sonra dünya nüfusunun çok hızlı artmasının sebepleri nelerdir?|sebepleri|
Açık işletmelerden kömür çıkarılmasının çevresel etkileri nelerdir?|etkileri|çevresel
Adres sistemi ile coğrafi koordinatlar nasıl benzeşmektedir?|benzeşmektedir|
Ağaçlandırmanın, toprak erozyonu üzerinde nasıl etkileri vardır?|etkileri|
Akarsu aşındırmasının nasıl sonuçları vardır?|sonuçları|
Akarsu havzaları üzerine kurulan sanayi kuruluşları neden o bölgede sel riskini artırır?|artırır|
Akarsu rejimi ile iklimin nasıl bir ilgisi vardır?|ilgisi|
Akarsu sekisi nasıl oluşur?|oluşur|
Akarsu sekisinin oluşması için  hangi koşullar gereklidir?|koşullar|
Akarsu üzerinde hidroelektrik santral kurulurken nelere dikkat edilmelidir?|dikkat edilmelidir|
Akarsular denge profiline nasıl geçer?|geçer|
Akarsular fiziksel ayrışmayı nasıl etkiler?|etkiler|
Akarsular yer şekillerini nasıl etkiler?|etkiler|
Akarsuların aşındırma etkisinin ne gibi sonuçları vardır?|sonuçları|
Akarsuların biriktirme etkisinin ne gibi sonuçları vardır?|sonuçları|
Akarsuların hızı, akarsularda yaşayan canlı türlerini nasıl etkiler?|etkiler|
Akarsuların taşıdığı su miktarı yıl içinde nelere bağlı olarak değişir?|değişir|
Akdeniz kıyısındaki ülkelerin dünya turizmi açısından önemi nedir?|önemi|
Alçak basınç alanlarında hava genelde neden kapalıdır?|kapalıdır|
Alize rüzgarlarının yağış bırakan etkisi nasıl açıklanır?|açıklanır|
Alüminyum neden stratejik bir öneme sahiptir?|sahiptir|
Alüvyal topraklarda horizonların oluşmamasının sebepleri nelerdir?|sebepleri|
Alüvyon bakımından zengin olan toprakların avantajı nedir?|avantajı|
Ani iklim değişiklikleri neden gerçekleşir?|gerçekleşir|
Ankara neden iç anadolu bölgesindeki diğer illere göre daha fazla yağış alır?|yağış alır|daha fazla
Ankara’nın jeopolitik konumumun önemi nedir?|önemi|
Ankara'da buğday üretiminin çok fazla olması nasıl açıklanır?|açıklanır|
Ankara'da kerpiç ve taş evlerin fazla görülmemesinin sebebi nedir?|sebebi|
Ankara'da ormancılığın ilin kuzeyinde gelişmiş olması nasıl açıklanır?|açıklanır|
Ankara'da şeker pancarının fazlaca yetiştirilmesi bu bölgede hayvancılığa nasıl katkı sağlar?|katkı|
Ankara'da tarımsal verimin düşük olması, Ankaranın iklimi göz önüne alındığında nasıl açıklanır?|açıklanır|
Ankara'nın başkent seçilmesinin sebepleri nelerdir?|sebepleri|
Ankara'nın doğal bitki örtüsünün bozkır olmasının başlıca sebebi nedir?|sebebi|başlıca
Ankara'nın tarih boyunca çeşitli uygarlıklar tarafından başkent seçilmesinin nedenleri nelerdir?|nedenleri|
Arabistan levhasının Anadolu levhasını sıkıştırmasının sonuçları nelerdir?|sonuçları|
Arazi yetenek sınıflandırması nasıl yapılır?|yapılır|
Arazilerden neden verimli şekilde faydalananılmalıdır?|faydalanılmalıdır|
Arazilerin hatalı kullanımı neden sel felaketine sebep olur?|sebep olur|
Arıcılığın ekonomik açıdan nasıl bir önemi vardır?|önemi|
Arıların ekosistem açısından önemi nedir?|önemi|
Aşırı nüfus nasıl sorunlara yol açar?|sorunlara|
Aşırı su kullanımı yer altı su seviyesini nasıl etkiler?|etkiler|
Asit yağmurları nasıl oluşur?|oluşur|
Asit yağmurları ormanları nasıl etkiler?|etkiler|
Asit yağmurlarını önlemek için nasıl önlemler alınmalıdır?|önlemler|
Asit yağmurlarının oluşmasının sebepleri nelerdir?|sebepleri|
Asit yağmurunun sonuçları nelerdir?|sonuçları|
Ateşin bulunması insanların yaşamında nasıl değişikliklere sebep olmuştur?|değişikliklere|
Atıkların çevre sağlığı üzerindeki etkileri nelerdir?|etkileri|
Atıkların geri dönüşümü çevre sorunlarını nasıl etkiler?|etkiler|
Atıkların insan sağlığı üzerindeki etkileri nelerdir?|etkileri|
Atmosfer dünyayı meteorlardan nasıl korumaktadır?|korumaktadır|
Atmosfer dünyayı meteorlardan nasıl korur?|korur|
Atmosfer güneşten gelen zararlı ışınları nasıl engeller?|engeller|
Atmosfer güneşten gelen zararlı ışınları nasıl süzer?|süzer|
Atmosfer ile sıcaklık dengesi arasında nasıl bir bağ vardır?|bağ|
Atmosfer yerkürenin aşırı ısınmasını nasıl önler?|önler|
Atmosferde en fazla azot değil, oksijen gazı olsaydı ne olurdu?|olurdu|
Atmosferdeki gaz miktarının artması hava basıncını nasıl etkiler?|etkiler|
Atmosferdeki gaz oranlarının değişmesi canlıları nasıl etkiler?|etkiler|
Atmosferdeki gaz oranlarının değişmesi nelere yol açar?|yol açar|
Atmosferdeki karbondioksit gazının azalması nelere yol açar?|yol açar|
Atmosferdeki nem sıcaklığı nasıl etkiler?|etkiler|
Atmosferdeki nemin kaynağı nedir?|kaynağı|
Atmosferdeki ozon gazının görevi nedir?|görevi|
Avrupa Birliği üyeliğinin Türkiyeye getireceği avantajlar nelerdir?|avantajlar|
Avrupa birliğinin kuruluş amacı nedir?|kuruluş amacı|
Aydınlanma çemberi yıl boyunca neden kutup noktalarıyla kutup daireleri arasında yer değiştirir?|yer değiştirir|
Ayın dünya üzerindeki çekim gücü neden güneşinkinden daha fazladır?|fazladır|daha
Ayın dünyanın etrafında dönmesinin sonunçları nelerdir?|sonuçları|
Aynı anda iki yarım kürede farklı mevsimler yaşanmasının sonuçları nelerdir?|sonuçları|
Azot bitkiler tarafından nasıl kullanılır?|kullanılır|
Azot döngüsü nasıl gerçekleşir?|gerçekleşir|
Bakır günlük hayatta nasıl bir yere sahiptir?|yere|
Bakırın çok kullanılan bir maden olmasının sebepleri nelerdir?|sebepleri|
Barajlar su döngüsünü nasıl etkiler?|etkiler|
Barajların görevleri nelerdir?|görevleri|
Barit madeninin günlük hayat için önemi nedir?|önemi|
Basınç değişimi ve dağılışını temel olarak ne belirler?|belirler|
Batman'da petrol bulunması yaşamı nasıl etkilemiştir?|etkilemiştir|
Bayrak bir ulus için neden önemlidir?|önemlidir|
Beşeri faktörler doğal afetleri nasıl etkiler?|etkiler|
Beşeri faktörler yerleşmeyi nasıl etkilemektedir?|etkilemektedir|
Besin kirlenmenin sonuçları nelerdir?|sonuçları|
Besin kirlenmesi nasıl olur?|olur|
Besin kirlenmesinde etkili olan faktörler nelerdir?|faktörler|
Besin kirlenmesinin önüne geçmek için neler yapmak gerekir?|yapmak gerekir|
Besin zincirinde insanların en üstte olmasının sebebi nedir?|sebebi|
Betonlaşma yer altı su seviyesini nasıl etkiler?|etkiler|
Beyin göçünün o ülkenin teknolojik gelişmişliği ile nasıl bir ilişkisi vardır?|ilişkisi|
Beyin göçünün ülkeler üzerinde nasıl etkileri vardır?|etkileri|
Bir akarsuda büklümlerin çok olması akarsuyun aktığı bölge hakkında hangi bilgileri verir?|bilgileri|
Bir akarsuyun akış katsayısı nasıl hesaplanır?|hesaplanır|
Bir bölgede akarsu biriktirmesinin fazla olmasının o bölgeye etkileri nasıldır?|etkileri|
Bir bölgede buğday üretimi fazlaysa nasıl sanayi kuruluşları görülür?|sanayi kuruluşları|
Bir bölgede buğday üretimi fazlaysa o bölgenin iklimi hakkında neler söylenebilir?|söylenebilir|
Bir bölgede kalıcı kar sınırının deniz seviyesine yakın olması, o bölgenin iklimi hakkında nasıl bir bilgi verir?|bilgi|
Bir bölgede karstik şekiller fazla görülüyorsa, o bölgenin toprak yapısı hakkında neler söylenebilir?|söylenebilir|
Bir bölgede mısır üretimi fazlaysa nasıl sanayi kuruluşları görülür?|sanayi kuruluşları|
Bir bölgede mısır üretimi fazlaysa o bölgenin iklimi hakkında neler söylenebilir?|söylenebilir|
Bir bölgede pamuk üretimi fazlaysa nasıl sanayi kuruluşları görülür?|sanayi kuruluşları|
Bir bölgede pamuk üretimi fazlaysa o bölgenin iklimi hakkında neler söylenebilir?|söylenebilir|
Bir bölgede petrol üretiminin fazla olması o bölgedeki ticari faaliyetleri nasıl etkiler?|etkiler|
Bir bölgede sanayinin gelişmişliği üretimi nasıl etkiler?|etkiler|
Bir bölgedeki gelir düzeyi oradaki ekonomik faaliyetleri nasıl etkiler?|etkiler|
Bir bölgedeki sıcaklık ortalaması ile o bölgenin turizm gelirleri arasındaki ilişki nasıl açıklanabilir?|açıklanabilir|
Bir bölgedeki ulaşım imkanları sanayiyi nasıl etkiler?|etkiler|
Bir bölgenin tarih boyunca pek çok uygarlığa tanıklık etmiş olması o bölgeye neler kazandırır?|kazandırır|
Bir bölgenin yüksekliği ile sıcaklık ortalaması arasında nasıl bir ilişki vardır?|ilişki|
Bir çok şirketin kendi ülkelerinden başka ülkelere yatırım yapmasının sebebi nedir?|sebebi|
Bir denizin tuzluluğu ile o bölgenin sıcaklığı arasında nasıl bir bağ vardır?|bağ|
Bir ilde havaalanı bulunması o ilin ticari gelişimine nasıl katkı sağlar?|katkı|
Bir kıyı bölgesinde delta ovaları fazlaysa, o bölgede yaşanan gelgit olayları hakkında ne söylenebilir?|söylenebilir|
Bir merkezde havadaki nem miktarının artması nelere yol açar?|yol açar|
Bir sahil yöresinde mercan kayalarının ve mercan adalarının fazla olması o yöreye nasıl yarar sağlar?|yarar sağlar|
Bir şehirde eğitim olanaklarının fazla olması o şehrin nüfusunu nasıl etkiler?|etkiler|
Bir şehirdeki ekonomik faaliyetler üzerinde etkili olan faktörler nelerdir?|faktörler|
Bir şehrin ticari öneme sahip olması o şehrin nüfusunu nasıl etkiler?|etkiler|
Bir ülkede bağımlı nüfusun artmasının olumsuz etkileri nelerdir?|etkileri|olumsuz
Bir ülkede dağ eteği ovalarının fazla sayıda olması bize o ülke hakkında nasıl bir bilgi verir?|bilgi|
Bir ülkede delta ovalarının fazla sayıda olması bize o ülke hakkında nasıl bir bilgi verir?|bilgi|
Bir ülkede genç nüfusun artmasının avantajları nelerdir?|avantajları|
Bir ülkede mekanlar arası gelişmişlik farkının olmasının sebebleri nelerdir?|sebepleri|
Bir ülkede nüfus artış hızının düşmesinde etkili olan faktörler nelerdir?|faktörler|
Bir ülkenin ekonomik gücü tarım sektörünün verimliliğinde ne kadar önemlidir?|kadar|
Bir ülkenin jeopolitiğini oluşturan ana unsurlar nelerdir?|unsurlar|ana
Bir yamacın bakı durumunda olması ile bitki örtüsü arasında nasıl bir ilişki vardır?|ilişki|
Bir yerin coğrafi özellikleri, o bölgenin beşeri özelliklerini nasıl etkiler?|etkiler|
Bir yerin yükseltisinin fazla olması orada yerleşimi nasıl etkiler?|etkiler|
Bir yörede balıkçılığın gelişmiş olması, bölgenin doğal kaynakları konusunda bize nasıl bir bilgi verir?|bilgi|
Bir yörede turizmin etkinliğinin fazla olması o yörenin ticari gelişimini nasıl etkiler?|etkiler|
Birikinti konisine nasıl topraklarda rastlanır?|topraklarda|
Birikinti yelpazesi nasıl oluşur?|oluşur|
Birinci ve ikinci dünya savaşının Avrupa nüfusu üzerine nasıl bir etkisi olmuştur?|etkisi|
Birleşmiş Milletlerin kuruluş amacı nedir?|kuruluş amacı|
Bitki örtüleri sıcaklığı nasıl etkiler?|etkiler|
Bitki örtüsü ve orman yangınlarının nasıl bir ilişkisi vardır?|ilişkisi|
Bitki örtüsünün ekonomik faaliyetler üzerinde nasıl bir etkisi vardır?|etkisi|
Bitki örtüsünün tahrip edilmesi su döngüsünü nasıl etkiler?|etkiler|
Bitki ve hayvan çeşitiliği bakımından hindistanın dünyanın önde gelen ülkeleri arasında olması nasıl açıklanır?|açıklanır|
Biyoçeşitliliğin oluşmasında etkili olan doğal faktörler nelerdir?|faktörler|doğal
Biyodizel nasıl elde edilir?|elde edilir|
Biyoenerji nasıl elde edilir?|elde edilir|
Biyogaz nasıl elde edilir?|elde edilir|
Biyokütle enerjisi kullanımı ne gibi zorluklar sunar?|zorluklar|
Biyokütle enerjisinin ne gibi avantajları vardır?|avantajları|
Biyolojik çeþitliliği tehdit eden insan kaynaklı faktörler nelerdir?|faktörler|insan kaynaklı
Bombayın dünyanın en kalabalık şehirlerinden biri olmasında hangi faktörler etkili olmuştur?|faktörler|
Bombayın hindistan ekonomisi üzerine nasıl etkileri vardır?|etkileri|
Bor madeninin kullanım alanı nasıldır?|kullanım alanı|
Bor'un yüksek bir ekonomik değere sahip olmasının sebebi nedir?|sebebi|
Boyuna kıyılarda doğal liman sayısı neden azdır?|azdır|
Buğdayın ülkemizde çok fazla üretilmesinin sebepleri nelerdir?|sebepleri|
Buhar makinasının ekonomik faaliyetlere nasıl etkisi olmuştur?|etkisi|
Buhar makinesinin icadı günlük hayatı nasıl etkilemiştir?|etkilemiştir|
Buharlaşmanın gerçekleşebilmesi için gerekli koşullar nelerdir?|koşullar|gerekli
Bulut oluşumu ile sıcaklık arasında nasıl bir ilişki vardır?|ilişki|
Bulutlar nasıl oluşur?|oluşur|
Bulutların şekilleri nelere göre değişir?|değişir|
Buz çatlatması fiziksel ayrışmayı nasıl etkiler?|etkiler|
Buzullar fiziksel ayrışmayı nasıl etkiler?|etkiler|
Buzulların erimesi nelere bağlıdır?|bağlıdır|
Buzulların erimesinin sebepleri nelerdir?|sebepleri|
Buzullarn erimesini önlemek için nasıl önlemler alınabilir?|önlemler|
Çağlayan ve çavlan arasında nasıl farklar vardır?|farklar|
Çanakkale boğazının bir ürünün dağıtımındaki rolü nedir?|rolü|
Canlılarda adaptasyon nasıl gerçekleşir?|gerçekleşir|
Çayır ve meraların ortadan kaldırılması biyolojik çeşitliliği nasıl etkiler?|etkiler|
CBS, coğrafya bilimine nasıl katkı sağlamaktadır?|katkı|
Cephe yağışları ile yükselim yağışları arasında nasıl farklar vardır?|farklar|
Cephe yağışları nasıl oluşur?|oluşur|
Çevre planlaması yapılırken neler dikkate alınır?|dikkate alınır|
Çığ afetinin yerleşim alanlarına büyük zarar vermesinde etkili olan faktörler nelerdir?|faktörler|etkili olan
Çığ felaketinin nasıl sonuçları vardır?|sonuçları|
Çığ felaketinin yaşandığı şehirlerin dağılışları ile coğrafi özellikleri arasında nasıl bir ilişki vardır?|ilişki|
Çığ nasıl oluşur?|oluşur|
Cisimlerin gölge boyları ile güneş ışınlarının düşme açısı arasında nasıl bir ilişki vardır?|ilişki|
Cisimlerin gölge boylarının yıl boyunca değişmesi nasıl açıklanır?|açıklanır|
Cisimlerin gölge boyu ile kutuplara olan yakınlıkları arasında nasıl ilişki vardır?|ilişki|
Çiy nasıl oluşur?|oluşur|
Coğrafi konum bir ülkenin dış siyaseti üzerinde nasıl etkilere sahiptir?|etkilere|
Coğrafi konum, bir yerdeki ekonomik faktörleri nasıl etkiler?|etkiler|
Coğrafi konum, bir yerdeki nufüs dağılımını nasıl etkiler?|etkiler|
Coğrafi konum, bir yerdeki yerleşmeyi nasıl etkiler?|etkiler|
Çöküntü depremler nasıl gerçekleşir?|gerçekleşir|
Çöküntü depremleri nasıl meydana gelmektedir?|meydana gelmektedir|
Çöl alanlarında yer şekilleri neden sadedir?|sadedir|
Çöl bitkileri su kaybını önlemek için nasıl evrimleşmişlerdir?|evrimleşmişlerdir|
Çöllerde günllük sıcaklık farkı neden fazladır?|fazladır|
Çöllerde günlük sıcaklık farkının çok fazla olması nasıl açıklanır?|açıklanır|
Dağ oluşumunu nasıl gerçekleşir?|gerçekleşir|
Dağılım tüketimi nasıl etkiler?|etkiler|
Dağınık yerleşmelerin avantajları nelerdir?|avantajları|
Dağınık yerleşmelerin dezavantajları nelerdir?|dezavantajları|
Dağınık yerleşmenin özellikleri nelerdir?|özellikleri|
Dağıtım üretimi nasıl etkiler?|etkiler|
Dağlık arazilerde dağınık yerleşme görülmesinin nedeni nedir?|nedeni|
Dağlık arazilerde yerleşim nasıl olur?|olur|
Dalga aşındırmasının dik kıyılarda daha fazla olmasının sebebi nedir?|sebebi|
Dalgalardan faydalanılarak elektrik nasıl üretilir?|üretilir|
Delta ovaları neden verimli tarım topraklarıdır?|topraklarıdır|
Delta ovalarının oluşumu için hangi koşullar sağlanmalıdır?|koşullar|
Deltalar nasıl oluşur?|oluşur|
Demir madeninin işlenmeye başlaması uygarlıkları nasıl etkilemiştir?|etkilemiştir|
Demir ve çelik sanayi için neden önemlidir?|önemlidir|
Demirin madencilik sektörü açısından önemi nedir?|önemi|
Deniz akıntıları yağış miktarını nasıl etkiler?|etkiler|
Deniz arazisini doldurmanın sakıncaları nelerdir?|sakıncaları|
Deniz seviyesinde meydana gelen değişimler bitki ve hayvan dağılımını nasıl etkiler?|etkiler|
Deniz seviyesindeki değişimler nelere yol açar?|yol açar|
Deniz seviyesindeki değişimlerin sebebi nelerdir?|sebebi|
Deniz seviyesinden yükseldikçe atmosferin yoğunluğu neden azalır?|azalır|
Denizden esen rüzgarların nasıl özellikleri vardır?|özellikleri|
Denize uzaklık yağış miktarını nasıl etkiler?|etkiler|
Denizlerin aşındırma etkisinin akarsularınkinden ne gibi farkları vardır?|farkları|
Denizlerin biriktirme etkisinin akarsularınkinden ne gibi farkları vardır?|farkları|
Denizlerin geç ısınıp geç soğumasının sebebi nedir?|sebebi|
Denizlerin sıcaklık üzerine etkileri nasıldır?|etkileri|
Deprem kuşakları neye dayanarak tespit edilir?|dayanarak|
Depremler nasıl oluşur?|oluşur|
Depremler ve tsunami arasında nasıl bir ilişki vardır?|ilişki|
Depremlerin Türkiye'deki dağılışı nasıldır?|dağılışı|
Dev kazanına nasıl topraklarda rastlanır?|topraklarda|
Devalüasyon nedir?|devalüasyon|
Devletçilik politikasının uygulanmaya başlaması, ekonomide nasıl değişikliklere sebep olmuştur?|değişikliklere|
Dikitler nasıl oluşur?|oluşur|
Dil faktörü bir ulus için neden önemlidir?|önemlidir|
Din bir ulus için neden önemlidir?|önemlidir|
Dinamik basınç merkezleri nasıl oluşur?|oluşur|
Dinamik basınç merkezleri nasıl oluşur?|oluşur|
Dış kuvvetler dağ oluşumunda nasıl etkilidir?|etkilidir|
Dış kuvvetler ile iklimin nasıl bir ilişkisi vardır?|ilişkisi|
Dış kuvvetler yer şekillerini nasıl etkiler?|etkiler|
Dış kuvvetlerin yer şekilleri üzerinde nasıl etkileri vardır?|etkileri|
Doğa olayları ne zaman afete dönüşür?|zaman|
Doğa turizminin son zamanlarda artış göstermesinin sebepleri nelerdir?|sebepleri|
Doğal dengenin bozulmasında insanın rolü nedir?|rolü|
Doğal gaz neden petrole göre daha çok tercih edilen bir yakıttır?|yakıttır|
Doğal gazın kullanım alanları nelerdir?|kullanım alanları|
Doğal kaynak ve ekonomi arasındaki ilişki nasıl açıklanır?|açıklanır|
Doğal kaynaklar çevre planlamasını nasıl etkiler?|etkiler|
Doğal kaynaklar ile ekonomi arasında nasıl bir ilişki vardır?|ilişki|
Doğal kaynaklar insan hayatı üzerinde nasıl bir önem teşkil eder?|önem|
Doğal kaynakların aşırı kullanımının sonucu ortaya çıkan sorunlar nelerdir?|sorunlar|
Doğal kaynakların farklı amaçlarla kullanılmasının nedenleri nelerdir?|nedenleri|
Doğal kaynakların insan için önemi nedir?|önemi|
Doğal kaynakların kullanımında etkili olan faktörler nelerdir?|faktörler|
Doğal kaynakların kullanımında görülen yöntem farklılıkları ile ülkelerin gelişmişlik düzeyi arasında nasıl bir ilişki vardır?|ilişki|
Doğal kaynakların kullanımının bitki örtüsü açısından ne tür sonuçları olabilir?|tür|
Doğal kaynakların kullanımının canlı yaşamı açısından ne tür sonuçları olabilir?|tür|
Doğal kaynakların kullanımının topografya açısından ne tür sonuçları olabilir?|tür|
Doğal kaynakların öneminin artması ile sanayideki gelişmeler nasıl bağlantılıdır?|bağlantılıdır|
Doğal kaynakların tüketim hızları nelere bağlı olarak değişir?|değişir|
Doğal kaynakların yok olması turizm gelirlerini nasıl etkiler?|etkiler|
Doğal kaynakların zaman içinde değerinin değişmesinde insanın rolü nedir?|rolü|
Doğal kaynaklarınn kullanımı çevreyi nasıl değiştirir?|değiştirir|
Doğal su kaynaklarının ekonomik faaliyetler üzerinde nasıl bir etkisi vardır?|etkisi|
Doğal unsurlar ekonomik faktörler üzerinde nasıl etkilidir?|etkilidir|
Doğalgaz kullanımı doğaya nasıl zarar vermektedir?|zarar|
Doğanın insan yaşamı üzerine etkileri nasıldır?|etkileri|
Doğaya yönelik turizmin etkinlikleri nelerdir?|etkinlikleri|
Doğu Anadolu fay kuşağının yapısı nasıldır?|yapısı|
Doğu anadoluda tarım faaliyetleri yapılırken makinalardan yeterince faydalanılamamasının nedeni nedir?|nedeni|
Dönencelerin belirlenmesinde neler esas alınmıştır?|esas alınmıştır|
Dünya ekonomisi açısından petrolün önemi nedir?|önemi|
Dünya üzerinde etkisi büyük şehirlerin küçük olanlardan farkları nelerdir?|farkları|
Dünya üzerinde görülen iklimler ile dünyanın yörüngesi arasında nasıl bir bağlantı vardır?|bağlantı|
Dünya üzerinde uluslararası siyasi ve ekonomik örgütlerin kurulma amacı nedir?|kurulma amacı|
Dünyada atmosfer olmamasının ne gibi sonuçları olurdu?|sonuçları|
Dünyada önemli ham madde alanları olan ülkeler neden aynı zamanda pazar alanlarıdır?|alanlarıdır|
Dünyadaki enerji ihtiyacı neden yıllar geçtikçe artmaktadır?|artmaktadır|
Dünyanın ekseninin eğik oluşu neler yol açar?|yol açar|
Dünyanın güneş etrafında dönüşü nelere yol açar?|yol açar|
Dünyanın güneş etrafındaki dönüşü sırasında güneşe yakınlaşıp uzaklaşmasının sonuçları nelerdir?|sonuçları|
Dünyanın güneş etrafındaki yörüngesinin elips biçiminde olmasının etkileri nelerdir?|etkileri|
Dunyanın kendi ekseni etrafındaki donuflu sonucunda hangi olaylar meydana gelir?|olaylar|
Dünyanın kendi ekseni etrafındaki dönüş hızının kutuplara yaklaştıkça azalması nasıl açıklanır?|açıklanır|
Dünyanın kendi ekseni etrafındaki hareket ile dinamik basınç merkezleri arasında nasıl bir ilişki vardır?|ilişki|
Dünyanın kendi etrafında dönüşü nelere yol açar?|yol açar|
Dünyanın şeklinin geoid olduğu kanıtlanmadan önce dünyanın nasıl bir şekli olduğuna inanılıyordu?|şekli|
Dünyanın şeklinin geoid olduğu nasıl kanıtlanmıştır?|kanıtlanmıştır|
Dünyanın yörüngesi daire şeklinde olsa ne olurdu?|olurdu|
Düzlem projeksiyon ile silindirik projeksiyon arasında nasıl farklar vardır?|farklar|
Eğim ile akarsu debisi arasında nasıl bir ilişki vardır?|ilişki|
Ekinoks nasıl gerçekleşir?|gerçekleşir|
Ekinoks nasıl meydana gelir?|meydana gelir|
Ekolojik denge nedir?|ekolojik denge|
Ekolojik döngülerin bozulması nasıl sonuçlara neden olur?|sonuçlara|
Ekonomi politikaları kalkınmayı nasıl etkiler?|etkiler|
Ekonomik faaliyetler amacıyla çoğunlukla düz alanların seçilmesinin sebebi nedir?|sebebi|
Ekonomik faaliyetler üzernde beşeri etmenlerin nasıl bir etkisi bulunmaktadır?|etkisi|
Ekonomik faaliyetler, doğal sistemler içinde nasıl bir yer tutar?|yer|
Ekosistemde karbondioksit nasıl tüketilmektedir?|tüketilmektedir|
Ekstansif tarım metodu ile İntansif tarım metodunu arasında nasıl farklar vardır?|farklar|
Ekvator çevresi neden dünya üzerinde en fazla yağış alan yerdir?|yerdir|
Ekvator ile ekliptik arasındaki açının daha büyük olması nelere yol açardı?|yol açardı|
Ekvatoral iklim bölgesinin seyrek nüfuslu olmasının sebepleri nelerdir?|sebepleri|
Ekvatoral iklimde yağış ve sıcaklıkta iki dönemde artış olmasının sebebi nedir?|sebebi|
Ekvatoral yağmur ormanlarının dünyanın en zengin yaşam alanı olmasında hangi coğrafi faktörler etkili olmuştur?|coğrafi faktörler|
Ekvatorda neden her  zaman 12 saat gece, 12 saat gündüz olur?|olur|
Ekvatordan kutuplara doğru gidildikçe bitki ve hayvanların tür ve sayıca azalmasının nedenleri nelerdir?|nedenleri|
Ekvatordan kutuplara doğru gidildikçe güneş ışınlarının düşme açısı neden küçülmektedir?|küçülmektedir|
Ekvatordan kutuplara gidildikçe sıcaklığın azalması nasıl açıklanabilir?|açıklanabilir|
Ekvatordan kutuplara gidildikçe sıcaklığın azalması nasıl açıklanır?|açıklanır|
Ekvatorun özellikleri nelerdir?|özellikleri|
Elektrik üretimi ile linyit kömürü arasında nasıl bir ilişki vardır?|ilişki|
Elektromanyetik cihazların kullanımı insan sağlığını nasıl etkiler?|etkiler|
Elmas ile karbon arasındaki ilişki nasıldır?|ilişki|
Elmas nasıl oluşur?|oluşur|
Endüstriyel faktörler doğal yaşan üzerinde nasıl tehditler oluşturmaktadır?|tehditler|
Enerji ihtiyacının sadece yenilenemeyen kaynaklardan karşılanmasının sakıncaları nelerdir?|sakıncaları|
Enerji nakil hatları üzerindeki bölgelerde orman yangınlarının daha çok görülmesinin sebepleri nelerdir?|sebepleri|
Enerji üretimi için güneşten nasıl faydalanılır?|faydalanılır|
Enerji üretimi için rüzgardan nasıl faydalanılır?|faydalanılır|
Enerji ve tabii kaynaklar bakanlığının görevi nedir?|görevi|
Enine kıyılarda doğal liman sayısı neden fazladır?|fazladır|
Enlem ve boylamların yerleşim üzerinde nasıl etkileri vardır?|etkileri|
Enternasyonel ticari ilişkilerin günümüzde serbesleşmesinin faydaları nelerdir?|faydaları|
Epirojenez nasıl gerçekleşir?|gerçekleşir|
Erozyon nasıl oluşur?|oluşur|
Erozyonun oluşmasına yol açan etmenler nelerdir?|etmenler|
Erozyonun sonuçları nelerdir?|sonuçları|
Fabrikalar ve sanayi kuruluşları doğal çevreyi nasıl olumsuz yönde etkilemektedir?|yönde|olumsuz
Fabrikalaşmanın, tarımsallığa karşı avantajları nelerdir?|avantajları|
Falezler nasıl oluşur?|oluşur|
Farklı yarım kürelerde aynı tarım ürününün yılın farklı dönemlerinde olgunlaşmasının birincil nedeni nedir?|nedeni|birincil
Fiyord kıyı tipine yüksek enlemlerde rastlanmasının sebebi nedir?|sebebi|
Fiziki haritalarda dağların yüksekliği incelenirken nelere dikkat edilmelidir?|dikkat edilmelidir|
Fiziki haritalarda denizlerin ve okyanusların derinliği incelenirken nelere dikkat edilmelidir?|dikkat edilmelidir|
Fiziksel ayrışmanın karasal iklimde daha fazla olmasının sebebi nedir?|sebebi|
Fön rüzgarları nasıl oluşur?|oluşur|
Fosil yakıt kullanımı çevre kirliliğini nasıl etkiler?|etkiler|
Fosil yakıt kullanımındaki artış doğal sistemleri nasıl etkilemektedir?|etkilemektedir|
Fosiller bize nasıl bilgiler sağlar?|bilgiler|
Fosiller nasıl oluşur?|oluşur|
Fotosentez hangi amaçla gerçekleştirilir?|amaçla|
Fotosentez nasıl gerçekleşir?|gerçekleşir|
Fotosentez nasıl gerçekleşir?|gerçekleşir|
Fotosentezin gerçekleşebilmesi için gerekli koşullar nelerdir?|koşullar|gerekli
GAP projesi bölgeye nasıl kazançlar sağlamaktadır?|kazançlar|
Gebzedeki hızlı kentleşmenin sebep olduğu sosyoekonomik sorunlar nelerdir?|sorunlar|sosyoekonomik
Gebzenin coğrafi konumu sanayinin gelişmesini nasıl etkilemiştir?|etkilemiştir|
Gebzenin yoğun göç almasının sebepleri nelerdir?|sebepleri|
Gece ve gündüz arasındaki fark kutuplara doğru gidildikçe neden artar?|artar|
Gece ve gündüz süreleri yıl boyunca neden değişir?|değişir|
Geçici yerleşim birimlerinde temel geçim kaynağını hayvancılık olmasının sebepleri nelerdir?|sebepleri|
Geleneksel festivaller turizmi nasıl etkiler?|etkiler|
Gelgit genliği hangi koşullara göre değişiklik gösterir?|koşullara|
Gelgit gücüyle elektrik nasıl elde edilir?|elde edilir|
Gelgit nasıl oluşur?|oluşur|
Gelgit olayının fazla etkili olduğu bir kıyı kesiminde yer şekilleri bu olaydan nasıl etkilenir?|etkilenir|
Gelgitler nasıl oluşur?|oluşur|
Gelişmemiş ülkeler doğal kaynaklarını nasıl kullanırlar?|kullanırlar|
Gelişmemiş ülkelerin ithalat politikaları nasıldır?|ithalat politikaları|
Gelişmemiş ülkelerinn ihracat politikaları nasıldır?|ihracat politikaları|
Gelişmiş şehirler neden genel olarak orta kuşakta yer almaktadır?|yer almaktadır|genel olarak
Gelişmiş ülkelerin ihracat politikaları nasıldır?|ihracat politikaları|
Gelişmiş ülkelerin ithalat politikaları nasıldır?|ithalat politikaları|
Gelişmiş ülkelerin nüfus özellikleri nelerdir?|nüfus özellikleri|
Gerçek sıcaklık ile indirgenmiş sıcaklık arasında nasıl farklar vardır?|farklar|
Geri dönüşüm çevre kirliliğini nasıl azaltır?|azaltır|
Geri dönüşüm ile nasıl enerji tasarrufu sağlanır?|enerji tasarrufu|
Geri dönüşümün ekonomik olarak faydaları nelerdir?|faydaları|
Gideğen nasıl oluşur?|oluşur|
Glasiye nasıl oluşur?|oluşur|
Göç hareketlerinin nedenleri nelerdir?|nedenleri|
Göç ve kentleşme arasında nasıl bir ilişki vardır?|ilişki|
Göç veren yerlerdeki fırsatlar nelerdir?|fırsatlar|
Gölgelendirme yöntemi nasıl uygulanır?|uygulanır|
Greenpeace çevre ve ekosistemi koruma bilincini artırmak adına nasıl eylemlerde bulunmaktadır?|eylemlerde|
Greenpeace'İn kuruluş amacı nedir?|kuruluş amacı|
Güneş enerjisi kullanmanın dezavantajları nelerdir?|dezavantajları|
Güneş enerjisinin yeryüzündeki en temel enerji olmasının sebebi nedir?|sebebi|
Güneş ışınlarının düşme açısının yıl boyunca değişmesi, o yerleşim yerinde nelere yol açar?|yol açar|
Güneş ışınlarının geliş açısı ile enerji potansiyelleri arasında nasıl bir ilişki vardır?|ilişki|
Güneş sabiti nasıl belirlenir?|belirlenir|
Güneşten gelen enerji nasıl dağılır?|dağılır|
Günlük sıcaklık farkları nasıl oluşur?|oluşur|
Günümüzde dünyanın farklı yerlerinde görülen türk kültüründeki farklılıklar nelerdir?|farklılıklar|
Günümüzde internetin ticaret üzerinde nasıl bir etkisi vardır?|etkisi|
Günümüzde tüketimi arttırıcı faktörler nelerdir?|faktörler|tüketimi arttırıcı
Günümüzde uzay teknolojilerinin askeri etkileri nasıldır?|etkileri|askeri
Günümüzde uzay teknolojilerinin politik etkileri nasıldır?|etkileri|politik
Gurup sürelerinin kutuplarda uzun olması nasıl açıklanabilir?|açıklanabilir|
Habitat içindeki bir türün çok fazla artması hangi sorunlara neden olur?|sorunlara|
Ham maddesi üretimn merkezinden uzak olan bir ürün nasıl üretilir?|üretilir|
Ham maddeye yakınlık bir ürünün üretimini nasıl etkiler?|etkiler|
Hammadde ekonomik açıdan nasıl önemlidir?|önemlidir|
Hangi durumda havanın maksimum nemi artar?|durumda|
Harita anahtarı(lejant) ne gibi kolaylıklar sağlar?|kolaylıklar|
Harita ile kroki arasında nasıl bir fark vardır?|fark|
Harita yapımında kullanılan temel prensipler nelerdir?|prensipler|temel
Haritaların ölçeklerine göre gruplandırılması nasıl kolaylıklar sağlar?|kolaylıklar|
Haritanın günlük yaşantımızdaki önemi nedir?|önemi|
Hava akımları ile basınç alanları arasında nasıl bir ilişki vardır?|ilişki|
Hava durumu ulaşımı nasıl etkiler?|etkiler|
Hava durumu ve iklim arasındaki fark nedir?|fark|
Hava hareketlerinin sebepleri nelerdir?|sebepleri|
Hava kirlenmesi doğal yaşamı nasıl etkiler?|etkiler|
Hava kirlenmesi nasıl gerçekleşir?|gerçekleşir|
Hava kirlenmesinde etkili olan faktörler nelerdir?|faktörler|
Hava kirlenmesini önlemek için nasıl önlemler alınmalıdır?|önlemler|
Hava kirlenmesinin sonuçları nelerdir?|sonuçları|
Hava olaylarının oluşmasında etkili olan faktörler nasıl etkileşir?|etkileşir|
Hava sıcaklığında ekstem durumların görülmesinin sonuçları nelerdir?|sonuçları|
Hava sıcaklığında ekstrem durumların görülmesinin sebepleri nelerdir?|sebepleri|
Hava yoğunluğu ile atmosfer basıncı arasında nasıl bir ilişki vardır?|ilişki|
Havada nemin az olması sıcaklığı nasıl etkiler?|etkiler|
Havadaki nemin az olması sıcaklığı nasıl etkiler?|etkiler|
Havanın neme doyması için hangi koşullar gerekir?|koşullar|
Hayvancılık için yaylalar neden daha elverişli topraklardır?|topraklardır|
Herhangi bir bölgenin nüfus piramidine bakılarak hangi sonuçlara ulaşılabilir?|sonuçlara|
Heyelan nasıl gerçekleşir?|gerçekleşir|
Heyelan set gölleri nasıl oluşur?|oluşur|
Heyelandan korunabilmek için alınabilecek önlemler nelerdir?|önlemler|
Heyelanın fazla olduğu bölgelerdeki toprak yapısı hakkında neler söylenebilir?|söylenebilir|
Heyelanın oluşması için gerekli koşullar nelerdir?|koşullar|gerekli
Heyelanlar nasıl oluşur?|oluşur|
Heyelanların kar erime dönemlerinde fazlalaşmasının sebebi nedir?|sebebi|
Hidroelektrik santralleri mikroklimayı nasıl değiştirir?|değiştirir|
Hidroelektrik santralleri nasıl çalışır?|çalışır|
Hidroelektrik santralleri tarihi alanlara nasıl zarar vermektedir?|zarar|
Hidroelektrik santrallerinin avantajları nelerdir?|avantajları|
Hidroelektrik santrallerinin dezavantajları nelerdir?|dezavantajları|
Hidroelektrik santrallerinin sosyal etkileri nasıl azaltılabilir?|azaltılabilir|
Hidrojenden nasıl enerji elde edilir?|elde edilir|
Hindistanda görülen muson iklimi günlük hayatı nasıl etkilemektedir?|etkilemektedir|
Hindistanda yapılan yeşil devrimin amacı nedir?|amacı|
Hindistanda yaygın olan inanç tarım ve hayvancılığı nasıl etkilemektedir?|etkilemektedir|
Hindistanda yeterli miktarda et ve süt üretimi yapılamamasının sebebi nedir?|sebebi|
Hindistanın batı eyaletleri doğu eyaletlerine göre ekonomik olarak neden daha çok gelişmiştir?|gelişmiştir|daha çok
Hindistanın büyük bölümünün platolarla kaplı olmasının sonuçları nelerdir?|sonuçları|
Hint uygarlığının  kurulduğu bölgenin özellikleri nasıldır?|özellikleri|
Hissedilen sıcaklık ile gerçek sıcaklık arasında nasıl farklar vardır?|farklar|
Hızlı nüfus artışının nasıl sonuçları olabilir?|sonuçları|
Hızlı nüfus artışının sebepleri nelerdir?|sebepleri|
Hizmet sektöründe çalışan nüfus oranının artması ile ekonomide nasıl bir değişim yaşanır?|değişim|
Holladada havanın sık sık sisli ve bulutlu olmasının sebebi nedir?|sebebi|
Hollandada çocuk ve genç nüfus oranının azalması nelere yol açmaktadır?|yol açmaktadır|
Hollandada doğurganlık oranınn düşmesini etkileyen faktörler nelerdir?|faktörler|
Hollandada hayvancılığın gelişmiş olmasının sebepleri nelerdir?|sebepleri|
Hollandada iklim farklılaşması olmamasının sebebi nedir?|sebebi|
Hollandadaki yel değirmenlerinin temel kullanım amacı nedir?|kullanım amacı|temel
Hollandanın ekonomik yönden gelişmiş olması tarımını nasıl etkilemiştir?|etkilemiştir|
Hollandanın tarım ürünleri ithalatında dünya sıralarında başlarda olmasının nedeni nedir?|nedeni|
İç kuvvetler dağ oluşumunda nasıl etkilidir?|etkilidir|
İç kuvvetlerin yer şekilleri üzerinde nasıl etkileri vardır?|etkileri|
İç kuvvetlerin yer şekillerine etkisi nasıldır?|etkisi|
İçten yanmalı motorların icadı petrol sanayisini nasıl etkilemiştir?|etkilemiştir|
İkinci dünya savaşı nedeniyle savaş ekonomisinin uygulanması, Türkiye'yi nasıl etkilemiştir?|etkilemiştir|
İkinci dünya savaşının japonya üzerinde nasıl etkileri olmuştur?|etkileri|
İklim bölgelerinin sınırlarının kesin olarak işaretlenememesinin sebepleri nelerdir?|sebepleri|
İklim değişimi neden gerçekleşmektedir?|gerçekleşmektedir|
İklim değişiminin sonuçları nelerdir?|sonuçları|
İklim farklılığı canlı çeşitliliğini nasıl etkiler?|etkiler|
İklim ile akarsu rejimi arasında nasıl bir ilişki vardır?|ilişki|
İklim şartları ile hayvancılık faaliyetleri nasıl değişim gösterir?|değişim|
İklim ve bitki örtüsü arasında nasıl bir ilişki vardır?|ilişki|
İklim, toprak oluşumunu nasıl etkiler?|etkiler|
İklimin dağıtım ile olan ilişkisi nasıldır?|ilişkisi|
İklimin dağıtım üzerine olan etkisi nasıl açıklanır?|açıklanır|
İklimin doğal çevre üzerine etkileri nasıldır?|etkileri|
İklimin ekonomik faaliyetler üzerindeki etkisi nasıldır?|etkisi|
İklimin genel özellikleri ile iklim elemanları arasındaki bağlantı nasıldır?|bağlantı|
İklimin medeniyetlerin doğuşuna nasıl etkileri olmuştur?|etkileri|
İklimin sosyal hayat üzerine olan etkileri nasıl açıklanır?|açıklanır|
İklimin tüketim ile nasıl bir ilişkisi vardır?|ilişkisi|
İklimin tüketim üzerine olan etkisi nasıl açıklanır?|açıklanır|
İklimin ulaşım türleri üzerindeki etkisi nasıldır?|etkisi|
İklimin üretim üzerinde ne gibi bir etkisi vardır?|etkisi|
İklimin üretim üzerine olan etkisi nasıl açıklanır?|açıklanır|
İletişim imkanları ticareti nasıl etkiler?|etkiler|
Ilıman kuşakta yerleşim nasıldır?|yerleşim|
Ilıman kuşakta yıl boyu sıcaklık nasıl değişir?|değişir|
İlk uygarlıklardaki kentlerin ortak özellikleri nelerdir?|özellikleri|ortak
İlk yerleşmelerin genelde su kenarlarında kurulmuş olmasının sebebi nedir?|sebebi|
İlk yerleşmelerin tarımla başlamasının sebepleri nelerdir?|sebepleri|
IMF altında çalışan guvernörler heyetinin görevi nedir?|görevi|
IMF devalüasyonlara nasıl engel olur?|engel olur|
IMF ödeme güçlüğü çeken ülkelere nasıl yardımcı olur?|yardımcı olur|
IMF'nin kuruluş amacı nedir?|kuruluş amacı|
İnanç kültürü nasıl etkiler?|etkiler|
İngiltere neden sanayinin beşiği olarak anılmaktadır?|anılmaktadır|
İngiltere neden tarih boyunca avrupadan daha özgür bir ortama sahip olmuştur?|sahip olmuştur|
İngilterede başlayan sanayi devriminin hızlanmasını sağlayan faktörler nelerdir?|faktörler|
İngilterede buhar gücünün kullanılmaya başlanması dokuma sanayisini nasıl değiştirmiştir?|değişmiştir|
İngilterede sanayi devriminden sonra çocuk işçilerin rağbet görmesinin sebepleri nelerdir?|sebepleri|
İngilterenin avrupadan bağımsız bir ada ülkesi olması ona tarih boyunca nasıl avantajlar sağlamıştır?|avantajlar|
İnsan doğayı nasıl değiştirir?|değiştirir|
İnsan faktörü ile doğal kaynaklar arasında nasıl bir ilişki vardır?|ilişki|
İnsanın doğayı değiştirmesinin sonuçları nelerdir?|sonuçları|
İnsanların etkinlikleri doğal çevreden nasıl etkilenir?|etkilenir|
İnsanların sosyoekonomik durumu ile turizm sektörü arasında nasıl bir ilişki vardır?|ilişki|
İnsanların üzerinde yaşadığı taş kürenin özellikleri nelerdir?|özellikleri|
İnternet tüketimi nasıl etkilemektedir?|etkilemektedir|
İpek böcekçiliğinin sanayi açısından önemi nedir?|önemi|
İpek yolu türk kültürünü nasıl etkilemiştir?|etkilemiştir|
İpek yolunun ekonomik önemi nedir?|önemi|ekonomik
İpek yolunun türkiye'den geçmesi, tarih boyunca türkiye'ye nasıl faydalar sağlamıştır?|faydalar|
Irmak adası nasıl oluşur?|oluşur|
Isı ve sıcaklık arasındaki fark nedir?|fark|
Işıma (radyasyon) nasıl gerçekleşir?|gerçekleşir|
İstanbul boğazının bir ürünün dağıtımda nasıl bir önemi vardır?|önemi|
İstanbul boğazının denizcilik açısından önemi nedir?|önemi|
İstanbul boğazının ekonomik açıdan önemi nedir?|önemi|
İstanbul boğazının politik açıdan önemi nedir?|önemi|
İstanbul’un küresel etkisinin fazla olmasının sebepleri nelerdir?|sebepleri|
İstanbulun jeopolitik konumunun önemi nedir?|önemi|
İzmir 1.iktisat kongresinin, Türkiye ekonomisi açısından önemi nedir?|önemi|
İzohips yöntemi nasıl uygulanır?|uygulanır|
Japonada nufusun büyük kısmının kıyı şeridinde toplanması nasıl açıklanır?|açıklanır|
Japonya neden ithal hammaddeye bağımlıdır?|bağımlıdır|
Japonya orman bakımından zengin olmasına rağmen neden kereste ithal etmektedir?|ithal etmektedir|
Japonyada doğal afetlerin sıkça görülmesi günlük yaşamda nasıl değişikliklere sebebiyet vermiştir?|değişikliklere|
Japonyada muson ikliminin günlük yaşam üzerinde nasıl etkileri olmaktadır?|etkileri|
Japonyada nüfusun daha çok büyük şehirlerde toplanmasının sebebi nedir?|sebebi|
Japonyada sanayi tesislerinin çoğunun kıyı kesiminde toplanmasının sebebi nedir?|sebebi|
Japonyada yaşam süresinin uzun olması nasıl açıklanabilir?|açıklanabilir|
Japonyada yıkıcı depremlerin fazla olmasının sebebi nedir?|sebebi|
Japonyanın ada ülkesi olması diğer ülkelerle etkileşimini nasıl etkilemiştir|etkilemiştir|
Japonyanın dünyanın en büyük ekonomilerinden birine sahip olmasının sebepleri nelerdir?|sebepleri|
Japonyanın tarımda dışa bağlı olmasını nedeni nedir?|nedeni|
Japonyanın türdeş nüfuslu bir ülke olmasının nedeni nedir?|nedeni|
Jeolojik zamanlarla ilgili bilgiler nasıl elde edilmektedir?|elde edilmektedir|
Jeolojik zamanlarla ilgili bilgilere nasıl ulaşılmıştır?|ulaşılmıştır|
Jeotermal enerji nasıl üretilir?|üretilir|
Kabartma yöntemi nasıl uygulanır?|uygulanır|
Kaldera nasıl oluşur?|oluşur|
Kalıcı kar sınırı neden ekvatordan kutuplara gidildikçe deniz seviyesine yaklaşır?|yaklaşır|
Kalıcı kar sınırının bakı ile nasıl bir ilişkisi vardır?|ilişkisi|
Kalitesi düşük kömür kullanılması doğayı nasıl etkiler?|etkiler|
Kalitesi düşük kömür kullanılması insanları nasıl etkiler?|etkiler|
Kalkan volkanlar ile tabakalı volkanlar arasında ne farklar vardır?|farklar|
Kalkan volkanların özellikleri nelerdir?|özellikleri|
Kar nasıl oluşur?|oluşur|
Kara ve denizlerin dağılımı canlı çeşitliğini nasıl etkiler?|etkiler|
Karaların çabuk ısınıp çabuk soğumasının sebebi nedir?|sebebi|
Karasallık ile denizden uzak olmak nasıl bağlantılıdır?|bağlantılıdır|
Karbon döngüsü hangi ortamlar arasInda gerçekleşir?|ortamlar|
Karbon döngüsü nasıl gerçekleşir?|gerçekleşir|
Karbondioksit oranı yüksek kesimlerde neden azdır?|azdır|
Karstik araziler tarım açısından nasıl elverişlidir?|elverişlidir|
Karstik aşındırmanın nasıl sonuçları vardır?|sonuçları|
Karstik aşınım nasıl gerçekleşir?|gerçekleşir|
Karstik aşınma nasıl gerçekleşir?|gerçekleşir|
Karstik şekillerin oluşabilmesi için hangi koşullar gereklidir?|koşullar|
Karstik topraklar üzerine yerleşim bölgesi oluşturmanın ne gibi sakıncaları vardır?|sakıncaları|
Kasırgalar nasıl oluşur?|oluşur|
Kasırgaların oluşmasının sebebi nedir?|sebebi|
Kasırgaların sonuçları nelerdir?|sonuçları|
KEİ'nin kurulma amacı nedir?|kurulma amacı|
Kentleşme ile ortaya çıkan sorunlar nelerdir?|sorunlar|
Kentleşme nedir?|kentleşme|
Kentleşme su döngüsünü nasıl etkiler?|etkiler|
Kentlileşme nedir?|kentlileşme|
Kırağı nasıl oluşur?|oluşur|
Kırç nasıl oluşur?|oluşur|
Kırgıbayır nasıl oluşur?|oluşur|
Kırgıbayırın oluşması için nasıl koşullar gereklidir?|koşullar|
Kış sporları amaçlı kullanılan arazilerin ortak özellikleri nelerdir?|özellikleri|ortak
Kıtalar nasıl belirlenmiştir?|belirlenmiştir|
Kıyı ovaları yerleşimi nasıl etkiler?|etkiler|
Kıyıya dik uzanan dağlar o yörede iklimi nasıl etkiler?|etkiler|
Kıyıya paralel uzanan dağlar, o yörede iklimi nasıl etkiler?|etkiler|
Kök çatlatması fiziksel ayrışmayı nasıl etkiler?|etkiler|
Kömür kullanarak elektrik üretmek doğaya nasıl zarar verir?|zarar|
Kongre ve toplantılar turizm açısından neden önemlidir?|önemlidir|
Konik projeksiyon ile düzlem projeksiyon arasında nasıl farklar vardır?|farklar|
Konya ovasında yapılan üretimde iklim şartları elverişli olmasına rağmen tahıl üretiminde neden yıllar arası dalgalanmalar görülür?|görülür|
Krater gölleri nasıl oluşur?|oluşur|
Kromun madencilik sektörü için nasıl bir önemi vardır?|önemi|
Kül konisi nasıl oluşur?|oluşur|
Kültür nasıl tanımlanır?|tanımlanır|
Kültürel coğrafyanın araştırma alanı nedir?|araştırma alanı|
Kültürü oluşturan unsurlar kendi aralarında nasıl etkileşim gösterirler?|etkileşim|
Kültürün dinamik oluşu nasıl açıklanır?|açıklanır|
Kumullar nasıl oluşur?|oluşur|
Kurak alanlarda bitki örtüsü neden azdır?|azdır|
Kuraklığın sonuçları nelerdir?|sonuçları|
Kuraklık neden gerçekleşmektedir?|gerçekleşmektedir|
Kuraklık ve çöllerin artması mevsimleri nasıl etkilemektedir?|etkilemektedir|
Küresel düzeydeki örgütler dünya barışına nasıl katkı sağlamaktadırlar?|katkı|
Küresel düzeydeki örgütlerin ortaya çıkmasında hangi olaylar etkili olmuştur?|olaylar|
Küresel ısınma bitkileri nasıl etkilemiştir?|etkilemiştir|
Küresel ısınma hayvanları nasıl etkilemiştir?|etkilemiştir|
Küresel ısınma mevsim sürelerini nasıl etkiler?|etkiler|
Küresel ısınma nasıl gerçekleşir?|gerçekleşir|
Küresel ısınma okyanus akıntılarını nasıl etkiler?|etkiler|
Küresel ısınmaya neden olan insan faaliyetleri nelerdir?|insan faaliyetleri|
Küresel ısınmaya sebep olan karbon gazlarının artışını engellemek için neler yapılabilir?|yapılabilir|
Kurşun ve civa gibi maddelerin suda birikmesinin ne gibi zararları vardır?|zararları|
Kütle hareketleri nasıl oluşur?|oluşur|
Kütle hareketleri neden daha çok fay kuşaklarında görülür?|görülür|daha çok
Kütle hareketlerinin oluşmasında etkili olan unsurlar nelerdir?|unsurlar|etkili olan
Kutup dairelerinin belirlenmesinde neler esas alınmıştır?|esas alınmıştır|
Kutuplar aylarca güneş aldığı halde neden sıcaklık 0 derecenin altında seyreder?|seyreder|
Kuzey Anadolu fay kuşağının yapısı nasıldır?|yapısı|
Kuzey yarım kürenin sıcaklık ortalamasının güney yarım küreden fazla olmasının nedeni nedir?|nedeni|
Lagün nasıl oluşur?|oluşur|
Lav platoları nasıl oluşur?|oluşur|
Levha tektoniği teorisi nasıl açıklanır?|açıklanır|
Liman şehirlerinde bankacılık, sigortacılık ve taşımacılık gibi mesleklerin önem kazanmış olmasının sebebi nedir?|sebebi|
Londra tipi hava kirlenmesi ile los angeles tipi hava kirlenmesi arasında nasıl farklar vardır?|farklar|
Maden çıkarımının çevreye en az zararı vermesi için alınabilecek önlemler nelerdir?|önlemler|
Maden ihracatı neden önemlidir?|önemlidir|
Madenciliğin çevreye olan olumsuz etkileri nasıldır?|etkileri|olumsuz
Madencilik sektörü üretime nasıl fayda sağlar?|fayda|
Madencilikte siyanür kullanımı neden sakıncalıdır?|sakıncalıdır|
Madenden yapılan aletlerin kullanılmaya başlanması tarıma nasıl katkılar sağlamıştır?|katkılar|
Makineleşme tarımı nasıl etkiler?|etkiler|
Manganez madeninin kullanım alanı nasıldır?|kullanım alanı|
Mantarkaya nasıl oluşur?|oluşur|
Manto üzerinde izostatik denge nasıl gerçekleşir?|gerçekleşir|
Mantodaki hareketler nasıl gerçekleşir?|gerçekleşir|
Matematik konum iklimi nasıl etkiler?|etkiler|
Mekanlar arasında gelişmişlik farkı olması bir ülkede ne gibi sorunlar yaratabilir?|sorunlar|
Meltemler nasıl oluşur?|oluşur|
Menderesler nasıl oluşur?|oluşur|
Mercan kayaları nasıl oluşur?|oluşur|
Mercan kıyılarına alçak enlemlerde rastlanmasının sebebi nedir?|sebebi|
Meridyenler arası uzaklık neden kutuplara doğru gittikçe azalır?|azalır|
Meskenlerde kullanılan malzeme seçimi ile o bölgenin iklimi arasında nasıl bir ilişki vardır?|ilişki|
Meskenlerde kullanılan malzeme seçiminde neler etkili olmaktadır?|etkili olmaktadır|
Metropoliten şehirler ile küçük şehirler arasındaki farklar nelerdir?|farklar|
Mevsimlerin oluşması ile dünyanın ekliptiğe eğik olması nasıl bağlantılıdır?|bağlantılıdır|
Mevsimlerin oluşması nasıl gerçekleşir?|gerçekleşir|
Mevsimlik rüzgarlar nasıl oluşur?|oluşur|
Mezopotamya hangi özellikleri ile eski kültürlerin doğuşuna ev sahipliği yapmıştır?|özellikleri|
Milli parkların turizme nasıl katkıları vardır?|katkıları|
Mısır uygarlığı neden mezopotamya uygarlığından sonra doğmuştur?|doğmuştur|sonra
Muson rüzgarları neden yalnızca Hint okyanusu çevresinde oluşur?|oluşur|
Muson rüzgarlarının oluşmasının sebepleri nelerdir?|sebepleri|
Mutlak nemle bağıl nem arasında nasıl bir ilişki vardır?|ilişki|
Nadas tarımı nasıl gerçekleştirilir?|gerçekleştirilir|
NAFTA anlaşmasının imzalanmasının amacı nedir?|amacı|
NAFTA ile AB'nin kuruluş gerekçesi ile faaliyetleri arasındaki benzerlikler nelerdir?|benzerlikler|
NATO üyeliği Türkiyeye ne gibi avantajlar sağlamaktadır?|avantajlar|
NATOnun kuruluş amacı nedir?|kuruluş amacı|
Nehir ve akarsuların ağır metallerle kirletilmesi nelere sebep olur?|sebep olur|
New york'un ekonomi açısından önemi nedir?|önemi|
Nil nehrinin mısır medeniyeti için önemi neydi?|önemi|
Nüfus artış hızını arttırmaya çalışan ülkelerin özellikleri nelerdir?|özellikleri|
Nüfus artış hızının yükselmesinin insanların tarımsal hayata geçmeleri il nasıl bir ilişkisi vardır?|ilişkisi|
Nüfus artış hızının yükselmesinin olumlu sonuçları nelerdir?|sonuçları|olumlu
Nüfus artışı ile tarım arazilerinin önemi nasıl değişmektedir?|değişmektedir|
Nüfus artışı su döngüsünü nasıl etkiler?|etkiler|
Nüfus artışının olumsuz sonuçları nelerdir?|sonuçları|olumsuz
Nüfus coğrafyası istatistik biliminden nasıl yararlanır?|yararlanır|
Nüfus çoğunluğunun yaşlılardan oluşması nasıl sorunlara yol açar?|sorunlara|
Nüfusun nitelikli hale getirilmesi ekonomik faaliyetleri nasıl etkiler?|etkiler|
Nüfusun özelliği ile ülkelerin kalkınmaları arasında nasıl bir ilişki vardır?|ilişki|
Nükleer enerji nasıl keşfedilmiştir?|keşfedilmiştir|
Nükleer enerjinin riskli olmasının sebepleri nelerdir?|sebepleri|
Nükleer santrallerde nasıl enerji üretilir?|enerji|
Obruklar nasıl oluşur?|oluşur|
OECD dünya ticaretinin gelişmesi için nasıl atılımlar yapmaktadır?|atılımlar|
OECD işsizliği ortadan kaldırmak için nasıl önlemler almaktadır?|önlemler|
OECD'nin kuruluş amacı nedir?|kuruluş amacı|
Oksijenin canlılar için önemi nedir?|önemi|
Okyanusal iklimde  nemliliğin fazla olması yıllık yağış miktarını nasıl etkiler?|etkiler|
Okyanuslardaki sürekli akıntıların sebebi nedir?|sebebi|
Okyanusların iklim üzerindeki etkileri nelerdir?|etkileri|
Olimpiyatlar gibi büyük organizasyonlar turizm açısından neden önemlidir?|önemlidir|
Olumlu çevre koşulları ile turizmin arasında nasıl bir ilişki vardır?|ilişki|
OPEC'in kuruluş amacı nedir?|kuruluş amacı|
Organize sanayi bölgelerinin kurulmasının temel amacı nedir?|amacı|temel
Organk tortul kayaçların oluşumu nasıl gerçekleşir?|gerçekleşir|
Orman yangınları ile iklim tipinin nasıl bir ilişkisi vardır?|ilişkisi|
Orman yangınlarının daha çok yaz mevsiminde görülmesinin nedenleri nelerdir?|nedenleri|
Orman yangınlarının muhtemel sonuçları nelerdir?|sonuçları|muhtemel
Orman yangınlarının sebepleri neler olabilir?|olabilir|
Orman yangınlarının sonuçları nelerdir?|sonuçları|
Ormanlar ekonomik açıdan nasıl bir öneme sahiptir?|öneme|
Ormanların tahrip edilmesi neden sel felaketine zemin hazırlar?|zemin hazırlar|
Orografik yağışlar nasıl oluşur?|oluşur|
Orojenez nasıl gerçekleşir?|gerçekleşir|
Orta asya türk kültürü diğer medeniyetlerden nasıl etkilenmiştir?|etkilenmiştir|
Orta asya türk kültürünün özellikleri nelerdir?|özellikleri|
Orta asya türklerinin yaşadığı bölgede iklim kültürün oluşmasını nasıl etkilemiştir?|etkilemiştir|
Orta kuşak karalarının batı ve doğu kıyılarında sıcaklık neden farklıdır?|farklıdır|
Orta kuşak neden insan yaşamı için en uygun olan bölgedir?|bölgedir|
Orta kuşakta yıl boyu sıcaklık nasıl değişir?|değişir|
Osmanlı devletindeki lonca örgütlenmesinin amacı nedir?|amacı|
Otomobilin icadı ile petrolün dünya pazarındaki rolünün artması arasında nasıl bir ilişki vardır?|ilişki|
Ozon seyrelmesi ile iklim değişiklikleri arasında nasıl bir ilişki vardır?|ilişki|
Ozon tabakası neden tahrip olmaktadır?|tahrip olmaktadır|
Ozon tabakasının tahrip olması nelere sebebiyet verir?|sebebiyet verir|
Ozon tabakasının tamamen ortadan kaybolması nelere yol açar?|yol açar|
Paralel dairelerinin özellikleri nelerdir?|özellikleri|
Paralel ve meridyenler hangi amaçla kullanılır?|amaçla|
Pazar imkanının iyi olması o bölgede sanayinin gelişmesini nasıl etkilemiştir?|etkilemiştir|
Pazarlama sektörü tüketimi nasıl etkilemektedir?|etkilemektedir|
Peneplen haline gelmiş yerlerde epirojenik hareketlerin fazla olmasının sebebi nedir?|sebebi|
Peneplenler nasıl oluşur?|oluşur|
Peribacaları nasıl oluşmuştur?|oluşmuştur|
Petolün en önemli enerji kaynaklarından biri olması nasıl açıklanabilir?|açıklanabilir|
Petrol aramaları sırasında çevreye nasıl zarar verilmektedir?|zarar|
Petrol tankeri kazalarının doğal çevre üzerinde nasıl etkileri vardır?|etkileri|
Petrol yerine biyodizel kullanmanın nasıl yararları vardır?|yararları|
Petrolden günümüzde hangi alanlarda faydalanılmaktadır?|alanlarda|
Petrolün günlük hayattaki kullanım alanları nelerdir?|kullanım alanları|
Petrolün ulaşım sektörü için önemi nedir?|önemi|
Planlı arazi kullanımının faydaları nelerdir?|faydaları|
Plansız kentleşme hangi sebeplerden dolayı gerçekleşir?|sebeplerden|
Plansız kentleşmenin sonuçları nelerdir?|sonuçları|
Polyeler nasıl oluşur?|oluşur|
Püskürük kayaçların oluşumu nasıl açıklanır?|açıklanır|
Radyoaktif kirlenme doğal yaşamı nasıl etkiler?|etkiler|
Radyoaktif kirlenme nasıl oluşur?|oluşur|
Radyoaktif kirlenmede etkili olan faktörler nelerdir?|faktörler|
Radyoaktif kirlenmenin önüne geçmek için nasıl önlemler alınmalıdır?|önlemler|
Radyoaktif kirlenmenin sonuçları nelerdir?|sonuçları|
Regresyon nasıl açıklanır?|açıklanır|
Reklamcılık sektörü tüketimi nasıl etkilemektedir?|etkilemektedir|
Ren nehri Ruhr bölgesi için neden önemlidir?|önemlidir|
Renklendirme yöntemi ile oluşturulan fiziki haritalarda renkler ne şekilde belirlenmiştir?|şekilde|
Renklendirme yöntemi nasıl uygulanır?|uygulanır|
Roma'nın dini açıdan önemi nedir?|önemi|
Roma'nın sanat açısından önemi nedir?|önemi|
Ruhr bölgesinin gelişmesinde kömürden yararlanılmaya başlanması nasıl bir rol üstlenmiştir?|rol|
Rüzgar aşındırmasının en fazla görüldüğü koşullar nelerdir?|koşullar|en fazla görüldüğü
Rüzgar aşındırmasının nasıl sonuçları vardır?|sonuçları|
Rüzgar enerjisi kullanımının çok az olması nelere bağlanabilir?|bağlanabilir|
Rüzgar enerjisi kullanmanın avantajları nelerdir?|avantajları|
Rüzgar enerjisi kullanmanın dezavantajları nelerdir?|dezavantajları|
Rüzgar enerjisinden elektrik üretmenin faydaları nelerdir?|faydaları|
Rüzgar enerjisinden nasıl faydalanılır?|faydalanılır|
Rüzgar fiziksel ayrışmayı nasıl etkiler?|etkiler|
Rüzgar nasıl oluşur?|oluşur|
Rüzgardan elektrik enerjisi üretmek için nelere dikkat etmek gerekir?|dikkat etmek gerekir|
Rüzgarın hızı nelere bağlıdır?|bağlıdır|
Rüzgarlar sıcaklığı nasıl etkiler?|etkiler|
Sanayi devrimi doğal kaynak kullanımında nasıl değişikliklere sebep olmuştur?|değişikliklere|
Sanayi devrimi ekonomik faaliyetleri nasıl değişikliklere uğratmıştır?|değişikliklere|
Sanayi devrimi ile toplumsal hayatta ne gibi değişiklikler olmuştur?|değişiklikler|
Sanayi devriminden önce temel ekonomik faaliyetinin hayvancılık olmasının sebepleri nelerdir?|sebepleri|
Sanayi devriminin beşeri hayat üzerine nasıl etkileri olmuştur?|etkileri|
Sanayi devriminin ilk kez İngiltere görülmesi nasıl açıklanabilir?|açıklanabilir|
Sanayi devriminin ingilterede başlamasının sebepleri nelerdir?|sebepleri|
Sanayi faaliyetlerinin gelişmesi dağıtımı nasıl etkilemiştir?|etkilemiştir|
Sanayi faaliyetlerinin gelişmesi tüketimi nasıl etkilemiştir?|etkilemiştir|
Sanayi faaliyetlerinin gelişmesi üretimi nasıl etkilemiştir?|etkilemiştir|
Sanayi ham maddesi olarak kullanılan doğal kaynakların özellikleri nelerdir?|özellikleri|
Sanayi ve hizmet sektörünün Türkiye'nin daha çok batısında gelişmiş olmasının sebepleri nelerdir?|sebepleri|
Sanayi ve ticaretin gelişmesi ile tarım arasında nasıl bir ilişki vardır?|ilişki|
Sanayide ormanlardan nasıl faydalanılmaktadır?|faydalanılmaktadır|
Sanayide su kullanımı su döngüsünü nasıl etkiler?|etkiler|
Sanayideki gelişim doğal kaynaklarla nasıl bağlantılıdır?|bağlantılıdır|
Sanayileşme hareketleri ülkemizde nasıl değişikliklere sebep olmuştur?|değişikliklere|
Sanayileşme, kentleşme hareketinin gelişimini nasıl etkilemiştir?|etkilemiştir|
Sanayinin gelişmesi doğal kaynaklar açısından neden önemlidir?|önemlidir|
Sarkıtlar nasıl oluşur?|oluşur|
Savaşlar nüfusu nasıl etkiler?|etkiler|
Savaşların göçe nasıl etkileri vardır?|etkileri|
Şehir planı yapılırken arazi altyapısı neden dikkate alınmalıdır?|dikkate alınmalıdır|
Şehirlerin gelişim ve değişimlerinde hangi fonksiyonel özellikler etkili olmuştur?|fonksiyonel özellikler|
Şehirlerin genişlemesi doğal yaşamı nasıl olumsuz etkilemektedir?|etkilemektedir|olumsuz
Sel felaketinin sonuçları nelerdir?|sonuçları|
Selinti nasıl oluşur?|oluşur|
Sellerin doğal süreçlere olan etkisi nasıldır?|etkisi|
Sellerin meydana gelmesindeki beşeri faktörler nelerdir?|faktörler|beşeri
Sellerin meydana gelmesindeki fiziki sebepler nelerdir?|sebepler|fiziki
Sellerin oluşmasında insan faktörü nasıl rol oynar?|rol|
Sera gazları neden dünyanın ortalama sıcaklığını artırmaktadır?|artırmaktadır|
Sera gazlarının üretimini azaltmak için nasıl önlemler alınmalıdır?|önlemler|
Ses kirliliği nasıl oluşur?|oluşur|
Ses kirliliğinin oluşmasında etkili olan faktörler nelerdir?|faktörler|
Ses kirliliğinin önüne geçmek için nasıl önlemler alınmalıdır?|önlemler|
Ses kirliliğinin sonuçları nelerdir?|sonuçları|
Sıcak çöl bitkilerinin özellikleri nelerdir?|özellikleri|
Sıcak çöllerde bitki ve hayvan yaşamını sınırlandıran faktörler nelerdir?|faktörler|
Sıcak iklimlerin etkili olduğu alanlarda hayvan çeşitliliği neden fazladır?|fazladır|
Sıcaklığın artması ile kimyasal ayrışma neden fazlalaşır?|fazlalaşır|
Sıcaklığın artması kimyasal ayrışmayı nasıl etkiler?|etkiler|
Sıcaklığın bitki örtüsü üzerinde nasıl bir etkisi vardır?|etkisi|
Sıcaklık arttıkça bağıl nem nasıl değişir?|değişir|
Sıcaklık enleme göre nasıl değişir?|değişir|
Sıcaklık farklı fiziksel ayrışmayı nasıl etkiler?|etkiler|
Sıcaklık hava basıncını nasıl etkiler?|etkiler|
Sıcaklık miktarı ile bulutlar arasında nasıl bir ilişki vardır?|ilişki|
Sıcaklık neden yıl boyunca değişiklik gösterir?|değişiklik gösterir|
Sıkışan yer kabuğunun  kıvrılması ya da kırılması neye bağlıdır?|bağlıdır|
Sill oluşumu nası gerçekleşir?|gerçekleşir|
Sis nasıl oluşur?|oluşur|
Siyasal sınırlar zaman içinde nasıl değişebilir?|değişebilir|
Soğuk çöl hayvanları beslenme ihtiyaçlarını nasıl karşılarlar?|karşılarlar|
Soğuk çöl ile sıcak çöl arasındaki fark nedir?|fark|
Sosyal kültürel faaliyetler turizmi nasıl etkiler?|etkiler|
Su döngüsü bitkilere nasıl fayda sağlar?|fayda|
Su döngüsü gerçekleşmeseydi hangi sonuçlar ortaya çıkardı?|sonuçlar|
Su döngüsü hayvanlar için neden önemlidir?|önemlidir|
Su döngüsü nasıl gerçekleşir?|gerçekleşir|
Su döngüsü toprağa nasıl fayda sağlar?|fayda|
Su döngüsünün oluşabilmesi için neler gereklidir?|gereklidir|
Su ekosistemlerinin işleyişinde etkili olan faktörler nelerdir?|faktörler|
Su kaynaklarının azalması nelere sebep olabilir?|sebep olabilir|
Su kaynaklarının azalmasının nedenleri nelerdir?|nedenleri|
Su kirlenmesi doğal yaşamı nasıl etkiler?|etkiler|
Su kirlenmesi nasıl gerçekleşir?|gerçekleşir|
Su kirlenmesinde etkili olan faktörler nelerdir?|faktörler|
Su kirlenmesini önlemek için nasıl önlemler alınmalıdır?|önlemler|
Su kirlenmesinin sonuçları nelerdir?|sonuçları|
Su kürenin özellikleri nelerdir?|özellikleri|
Subtropikal iklimin yağış özelliği nasıldır?|yağış özelliği|
Sulak alanları kurutmak su döngüsünü nasıl etkiler?|etkiler|
Sulak alanların daha fazla nüfuslanmasının sebepleri nelerdir?|sebepleri|
Sulama tarımı nasıl etkiler?|etkiler|
Sürdürülebilir tarım nasıl yapılır?|yapılır|
Sürekli  rüzgarlar nasıl oluşur?|oluşur|
Suyun bitkilerin gelişmesi üzerinde nasıl bir etkisi vardır?|etkisi|
Suyun cansız çevre üzerinde nasıl etkileri vardır?|etkileri|
Suyun fotolizi nasıl gerçekleşir?|gerçekleşir|
Tabakalı volkanların özellikleri nelerdir?|özellikleri|
Tafoniler nasıl oluşur?|oluşur|
Tanzimat döneminde sanayileşme adına yapılan atılımlar nelerdir?|atılımlar|
Tarım arazileri insanlar için nasıl bir önem teşkil eder?|önem|
Tarım dışı kullanılması gereken arazilerin tarım amacıyla kullanılması ne gibi sonuçlar doğurur?|sonuçlar|
Tarım faaliyetlerinin ovalarda yoğunlaşmış olmasının sebebi nedir?|sebebi|
Tarım sektörü ile sanayi arasındaki ilişki nasıldır?|ilişkisi|
Tarım sektörünün bir ülkenin kalkınmasındaki rolü nedir?|rolü|
Tarımda bilinçsiz su kullanımı nehir ve gölleri nasıl etkiler?|etkiler|
Tarımda su kullaımı su döngüsünü nasıl etkiler?|etkiler|
Tarımın başlaması insanların yerleşimini nasıl etkilemiştir?|etkilemiştir|
Taş kömürüne yöneliş nasıl başlamıştır?|başlamıştır|
Taş küreyi çepeçevre saran hava kürenin görevleri nelerdir?|görevleri|
Taşkın ovaları çevresine mesken kurmak neden tehlikelidir?|tehlikelidir|
Teknocoğrafyanın araştırma alanı nedir?|araştırma alanı|
Teknoloji doğal kaynakları nasıl tüketmektedir?|tüketmektedir|
Teknoloji insanlara nasıl daha yüksek bir hayat standardı sağlamaktadır?|hayat standardı|daha yüksek
Teknoloji nasıl mal ve hizmet üretimini hızlandırmıştır?|mal ve hizmet üretimini|
Teknoloji nasıl yeni iş sahaları yaratmaktadır?|iş sahaları|yeni
Teknoloji ne gibi sosyal sorunlara yol açar?|sorunlara|sosyal
Teknoloji ne tür çevre sorunlarına yol açmaktadır?|tür|
Teknoloji neden işsizliği artırmaktadır?|artırmaktadır|
Teknoloji üretimde gerekli iş gücü miktarını nasıl azaltmaktadır?|azaltmaktadır|
Teknolojik gelişmişlik ile maden işleme miktarı arasında nasıl bir ilişki vardır?|ilişki|
Teknolojik imkanlar ticareti nasıl etkiler?|etkiler|
Teknolojinin doğal dengeye olan negatif etkileri nelerdir?|etkileri|negatif
Teknolojiye bağlı olarak ortaya çıkan çevre problemleri nelerdir?|çevre problemleri|
Tektonik depremler nasıl gerçekleşir?|gerçekleşir|
Termik basınç alanları nasıl oluşur?|oluşur|
Termik santrallerden çıkan atık su çevreyi nasıl olumsuz etkilemektedir?|etkilemektedir|olumsuz
Termik santrallerden kaynaklanan atıklar nelerdir?|atıklar|
Termik santrallerin bacalarından  çıkan gazlar ormanlara nasıl zarar verir?|zarar|
Termik ve dinamik basınç merkezleri arasındaki farklar nelerdir?|farklar|
Termosferin iletişim açısından önemi nedir?|önemi|
Terra rossa topraklarının özellikleri nelerdir?|özellikleri|
Teşvik politikalarının olumlu yönleri nelerdir?|yönleri|olumlu
Teşvik politikalarının olumsuz yönleri nelerdir?|yönleri|olumsuz
Ticaretin doğması ile tarımsal hayata geçişin nasıl bir ilişkisi vardır?|ilişkisi|
Tohum ıslahı nasıl yapılır?|yapılır|
Tombolo nasıl oluşur?|oluşur|
Toplu yerleşmelerin avantajları nelerdir?|avantajları|
Toplu yerleşmelerin dezavantajları nelerdir?|dezavantajları|
Topoğrafya haritaları hangi konularda bilgi verir?|konularda|
Toprak canlı çeşitliğini nasıl etkiler?|etkiler|
Toprak erozyonu tarımı nasıl etkiler?|etkiler|
Toprak kirlenmesi doğal yaşamı nasıl etkiler?|etkiler|
Toprak kirlenmesi nasıl gerçekleşir?|gerçekleşir|
Toprak kirlenmesinde etkili olan faktörler nelerdir?|faktörler|
Toprak kirlenmesini önlemek için nasıl önlemler alınmalıdır?|önlemler|
Toprak kirlenmesinin sonuçları nelerdir?|sonuçları|
Toprakta verimi düşüren insan kaynaklı etkiler nelerdir?|etkiler|insan kaynaklı
Transgresyon nasıl açıklanır?|açıklanır|
Travertenler nasıl oluşur?|oluşur|
Tropikal kuşak iklimi nasıldır?|tropikal kuşak iklimi|
Troposferin kutuplarda daha ince olmasının sebebi nedir?|sebebi|
Tsunamiler nasıl oluşur?|oluşur|
Tsunamilerin oluşmasının sebepleri nelerdir?|sebepleri|
Tsunamilerin sonuçları nelerdir?|sonuçları|
Tükenebilen doğal kaynaklar nelerdir?|doğal kaynaklar|
Tüketimin fazla olması üretimi nasıl etkiler ?|etkiler|
Tüketimin fazla olması üretimi nasıl etkiler?|etkiler|
Turizm faaliyetleri ekonomiyi nasıl etkiler?|etkiler|
Turizm faaliyetleri tüketimi nasıl etkiler?|etkiler|
Turizm faaliyetleri üretimi nasıl etkiler?|etkiler|
Turizm gelirlerine neden görünmeyen ihracat denir?|denir|
Turizm nasıl istihdam yaratır?|istihdam|
Turizmin çevresel ve ekolojik etkileri nasıldır?|etkileri|çevresel ve ekolojik
Turizmin dünya barışına nasıl katkıları vardır?|katkıları|
Turizmin ekonomik etkileri nelerdir?|etkileri|ekonomik
Turizmin farklı ülkelerden insanları kaynaştırmasının olumlu yanları nelerdir?|yanları|olumlu
Turizmin nasıl politik etkileri vardır?|etkileri|politik
Türk dil kurumu nasıl çalışmalar yürütmektedir?|çalışmalar|
Türk kültürü tarih boyunca diğer medeniyetlerden nasıl etkilenmiştir?|etkilenmiştir|
Türk kültürünün dünya'nın pek çok yerine yayılmış olmasının sebepleri nelerdir?|sebepleri|
Türk kültürünün oluşmasında Türklerin yaşadıkları bölgelerin iklim özelliklerinin etkisi nasıl olmuştur?|olmuştur|
Türk kültürünün zengin bir kültür olmasının sebepleri nelerdir?|sebepleri|
Türk tarih kurumu nasıl çalışmalar yürütmektedir?|çalışmalar|
Türkiye ekonomisinin gelişimi açısından hizmet sektörünün nasıl katkıları vardır?|katkıları|
Türkiye neden çağlar boyu pek çok uygarlığın kurulduğu ve geliştiği bir coğrafyadır?|coğrafyadır|
Türkiye’de genç nüfusun fazla olmasının sebebi nedir?|sebebi|
Türkiye'de arazi kullanımı yer şekillerine göre nasıl bir dağılım gösterir?|dağılım|
Türkiye'de bazı madenlerden elde edilen gelir miktarının geçmişe göre günümüzde daha fazla olması nasıl açıklanabilir?|açıklanabilir|
Türkiyede boru hatları ulaşımının gelişmesinin sebebi nasıl açıklanır?|açıklanır|
Türkiye'de fazla sayıda deprem görülmesinin temel sebebi nedir?|sebebi|temel
Türkiyede iç ticaretin 1950den sonra önem kazanmasının sebebi nedir?|sebebi|
Türkiyede kara ve demiryollarının doğu batı doğrultusunda uzanmasının sebebi nedir?|sebebi|
Türkiyede tarım bölgelerinin dağılışında etkili olan beşeri faktörler nelerdir?|faktörler|beşeri
Türkiyede tarım bölgelerinin dağılışında etkili olan doğal faktörler nelerdir?|faktörler|doğal
Türkiyede tarım bölgelerinin dağılışında etkili olan ekonomik faktörler nelerdir?|faktörler|ekonomik
Türkiye'de ulaştırma hizmetlerinin, sektördeki payının fazla olmasının nedeni nedir?|nedeni|
Türkiye'de yıllar içinde tarım sektöründeki azalma neyin sonucudur?|sonucudur|
Türkiyede yoğun nüfuslu bölgelerin benzer özellikleri nelerdir?|özellikleri|benzer
Türkiyede yüksek düzlüklerin fazla alan kaplamasının sebebi nedir?|sebebi|
Türkiyedeki akarsular üzerinde taşımacılık yapılamamasının nedeni nedir?|nedeni|
Türkiye'deki hizmet sektörünün ekonomideki payının büyümesi, ülke ekonomisini nasıl etkiler?|etkiler|
Türkiyedeki sanayi faaliyetlerinin ulaşım üzerindeki etkileri nelerdir?|etkileri|
Türkiye'deki tarım gelirlerinin gittikçe azalması nasıl açıklanır?|açıklanır|
Türkiye'nin alp-himalaya deprem kuşağı üzerinde yer almasının sonuçları nelerdir?|sonuçları|
Türkiyenin balıkçılıkta ilerlememiş olmasının sebepleri nelerdir?|sebepleri|
Türkiyenin coğrafi konumu ulaşım türlerinin gelişmesini nasıl etkilemiştir|etkilemiştir|
Türkiyenin coğrafi konumunun ulaşım üzerine etkileri nasıldır?|etkileri|
Türkiye'nin denizlere kıyısının olmasının tarih boyunca diğer ülkelerle kurduğu iletişim üzerinde nasıl bir etkisi olmuştur?|etkisi|
Türkiye'nin doğusu ve güneydoğusunun hidroelektrik adına yüksek potansiyele sahip olmasının sebebi nedir?|sebebi|
Türkiye'nin her yerinde aynı sıklık ve şiddette depremler meydana gelmemesinin sebepleri nelerdir?|sebepleri|
Türkiye'nin hidroelektrik enerji potansiyelinin fazla olmasında hangi özellikleri etkilidir?|özellikleri|
Türkiyenin ılıman kuşakta yer almasının sosyal ve ekonomik alanda etkileri nasıldır?|etkileri|
Türkiyenin su ürünleri açısından yüksek bir potansiyele sahip olmasının nedeni nedir?|nedeni|
Türkiye'nin üç tarafının denizlerle çevrili olması, jeopolitik konumunu nasıl etkiler?|etkiler|
Türkiye'nin yüksek bir turizm potansiyeline sahip olmasının nedeni nedir?|nedeni|
Türkiye'nın, Asya ve Avrupa kıtaları arasında yer alması turizm potansiyelini nasıl etkiler?|etkiler|
Türklerin arap kültüründen etkilenmesinin sonuçları nelerdir?|sonuçları|
Türklerin Çin kültüründne etkilenmesinin sonuçları nelerdir?|sonuçları|
Türklerin diğer kültürlerden etkilenmesinin sonuçları nelerdir?|sonuçları|
Türklerin islamiyeti kabul etmesi kültürlerini nasıl etkilemiştir?|etkilemiştir|
Türklerin orta asyada göçebe olarak yaşamalarında etkili olan coğrafi faktörler nelerdir?|coğrafi faktörler|
Tuz gölünün ticari önemi nedir?|önemi|ticari
Ulaşım araçlarındaki gelişimler ekonomiyi nasıl etkilemiştir?|etkilemiştir|
Ulaşım ile turizm faaliyetleri nasıl ilişkilidir?|ilişkilidir|
Ulaşım sistemlerinin ortaya çıkış sebepleri nelerdir?|sebepleri|
Ülkeler arasında doğal kaynak kullanımı açısından nasıl farklar vardır?|farklar|
Ülkeler doğal kaynaklarını kullanırken nelere dikkat etmelidirler?|dikkat etmelidirler|
Ülkeler ekonomik gelişmişliklerine göre nasıl sınıflandırılır?|sınıflandırılır|
Ülkelerin nüfus politikalarının farklı olmasının nedenleri nelerdir?|nedenleri|
Ülkerlerin birbirleriyle ticaret yapmalarının asıl amacı nedir?|amacı|asıl
Ulusal parklar neden koruma altına alınmışlardır|alınmışlardır|
Uluslararası ilişkilerin geliştirilmesinde siyasi ve ekonomik örgütlerin nasıl bir rolü vardır?|rolü|
Uluslararası saat dilimleri nasıl oluşturulmuştur?|oluşturulmuştur|
Üniversite sayısının fazla olması ile Ankaranın nüfusunun sürekli artması arasında nasıl bir ilişki vardır?|ilişki|
Üretim faaliyetleri üzerinde etkili olan beşeri faktörler nelerdir?|faktörler|beşeri
Vadi oluşumu nasıl açıklanır?|açıklanır|
Vadilerin derinliği ile akarsu rejiminin nasıl bir ilişkisi vardır?|ilişkisi|
Volkan konisi nasıl oluşur?|oluşur|
Volkanik depremler nasıl gerçekleşir?|gerçekleşir|
Volkanik faaliyetler nasıl gerçekleşir?|gerçekleşir|
Volkanik platolar nasıl oluşur?|oluşur|
Volkanizma nasık oluşur?|oluşur|
X ışınlarının kötü etkileri nelerdir?|etkileri|kötü
Yağmur nasıl oluşur?|oluşur|
Yağmur oluşumunu nasıl açıklarız?|açıklarız|
Yağmur su döngüsü açısından nasıl önemlidir?|önemlidir|
Yağmurun tarım üzerinde ne gibi etkileri vardır?|etkileri|
Yağrmu ormanlarının tahrip edilmesi sonucu ortaya çıkan çevresel sorunlar nelerdir?|sorunlar|çevresel
Yamaç yağışları ile cephe yağışları arasında nasıl farklar vardır?|farklar|
Yamaç yağışları ile yükselim yağışları arasında nasıl farklar vardır?|farklar|
Yamaç yağışları nası oluşur?|oluşur|
Yanlış sulama teknikleri tarım arazilerini nasıl etkiler?|etkiler|
Yapay yağmur sistemlerinin tarım üzerine nasıl etkileri olmuştur?|etkileri|
Yardang nasıl oluşur?|oluşur|
Yarıntılar nasıl oluşur?|oluşur|
Yaşanılan yerin coğrafi şartları ve iklimi arasında nasıl ilişki kurulabilir?|ilişki|
Yaz musonlarının fazla yağış bırakmasının sebebi nedir?|sebebi|
Yazının icadı kültürlerin gelişmesini nasıl etkilemiştir?|etkilemiştir|
Yenilenemeyen enerji kaynakları nelerdir?|enerji kaynakları|yenilenemeyen
Yer altı mağaraları nasıl oluşmuştur?|oluşmuştur|
Yer altı sularına deniz suyunun karışmasının sakıncaları nelerdir?|sakıncaları|
Yer kabuğuna neden yük biner?|yük biner|
Yer kabuğundaki levhaların birbirine yaklaşması nasıl olaylara sebep olur?|olaylara|
Yer kabuğunun içindeki kızgın maddeler nasıl yukarı çıkar?|yukarı çıkar|
Yer şekilleri bir bölgede kültürün oluşmasını nasıl etkiler?|etkiler|
Yer şekilleri ekonomik faaliyetler üzerinde nasıl etkilidir?|etkilidir|
Yer şekilleri yağış miktarını nasıl etkiler?|etkiler|
Yer şekillerinin etkisi ile hayvancılık faaliyetleri nasıl değişim gösterir?|değişim|
Yer şekillerinin fazla eğimli olması heyelan olayını nasıl etkiler?|etkiler|
Yerden yükseğe çıkıldıkça neden atmosfer basıncı azalır?|azalır|
Yerden yükseldikçe sıcaklık neden azalır?|azalır|
Yerel saat farkı nasıl oluşur?|oluşur|
Yerkabuğunda gerçekleşen hareketlerin temel sebebi nedir?|sebebi|temel
Yerkabuğunun katmanlardan oluştuğunu nasıl anlarız?|anlarız|
Yerkürenin şekli sıcaklık dağılışını nasıl etkiler?|etkiler|
Yerleşme şekilleri, yer şekillerine göre nasıl değişiklik gösterir?|değişiklik|
Yeryüzü şekilleri ekonomik faaliyetleri nasıl etkiler?|etkiler|
Yeryüzünde fay hatları ile sıcak su kaynakları arasında nasıl bir ilişki vardır?|ilişki|
Yeryüzünde güneşi doğrudan görmeyen yerlerin aydınlık olmasını sağlayan başlıca etken nedir?|etken|başlıca
Yeryüzünde güneşi doğrudan görmeyen yerlerin aydınlık olmasını sağlayan başlıca etken nedir?|etken|başlıca
Yeryüzünde neden birbirinden farklı iklim kuşakları görülmektedir?|görülmektedir|
Yeryüzünde sıcaklık dağılışına etki eden faktörler nelerdir?|faktörler|
Yeryüzündeki aktif volkanların görüldüğü alanlarla deprem bölgeleri arasında nasıl bir ilişki vardır?|ilişki|
Yetersiz teknolojinin kullanılması doğal kaynakları nasıl etkiler?|etkiler|
Yoğun nüfuslu bölgeler dünyada neden daha çok orta kuşakta toplanmıştır?|toplanmıştır|daha çok
Yoğunluğa bağlı akıntıların boğazlarda daha çok görülmesinin sebebi nedir?|sebebi|
Yüksek basınç alanlarında hava genelde neden açıktır?|açıktır|
Yüksek yerlere çıktıkça su buharının azalmasının sebebi nedir?|sebebi|
Yükseklere çıkıldıkça atmosferin basıncının düşmesi nasıl açıklanır?|açıklanır|
Yükseklik hava basıncını nasıl etkiler?|etkiler|
Yükseklik yağış miktarını nasıl etkiler?|etkiler|
Yükselim yağışları nasıl oluşur?|oluşur|
Yükseltinin bir yerdeki hava sıcaklığı üzerine etkisi nasıldır?|etkisi|
Yüzey şekilleri ile çığ felaketinin nasıl bir ilişkisi vardır?|ilişkisi|
